app_key,store,id,app_id,title,developer,category,installs_or_users,rating_avg,rating_count,iap_min,iap_max,pricing_raw,description,website_url,store_url,icon_url,version,release_date,last_update,relevance_score,scraped_at,drop_reason
ios:id6760403444,AppStore,id6760403444,avusd-focus-app_appstore,AVUSD Focus App,Focus School Software LLC,Education,,0.0,0.0,,,Free,"Stay connected to your child’s education with the AVUSD Focus app. Receive real-time notifications of grades, attendance, upcoming assignments, and test scores. Communicate with your student’s teacher and receive information from their school and the district. Get easy access to important links to help manage lunch payments, extracurricular activities, bus routes, and more.",https://focusschoolsoftware.com,https://apps.apple.com/us/app/avusd-focus-app/id6760403444?uo=4,https://is1-ssl.mzstatic.com/image/thumb/Purple211/v4/18/f1/97/18f197c1-c225-3401-0646-3dea061eafbf/AppIcon-0-0-1x_U007epad-0-1-85-220.png/512x512bb.jpg,3.8.10,2026-03-18,2026-03-18,0.763,2026-06-01,below_popularity_thresholds
cws:jmiaipkifkemllkhhoofjnikkckoofea,ChromeWS,jmiaipkifkemllkhhoofjnikkckoofea,healthyapp-daily-healthy-reminders_chromews,Healthyapp: daily healthy reminders,Non-traderThis developer has not identified itself as a trader. For consumers in the European Union,Extension,,3.0,1.0,,,Free,"OverviewStay healthy with AI-guided exercises, posture and hydration reminders. Get the gentle nudge you need with Healthyapp!Healthyapp is here to help you to prioritize your health and well-being! In the modern age of technology, it's easy to get caught up in the digital world, but at what cost to our health? Are you tired of feeling sluggish and out of shape after long hours at your desk? Don't let a sedentary lifestyle hold you back from feeling your best! ✅ Stay refreshed with gentle pop-up reminders for posture, hydration, and activity breaks. 🏆 Access an AI personal trainer offering diverse exercise sets. 🛠️ Customize settings to align with your schedule, including working hours and days. 🚨 Enjoy subtle alerts for uninterrupted workflow efficiency. This easy-to-use Chrome extension seamlessly integrates into your daily routine, providing gentle reminders to maintain good posture, stay hydrated, and take regular activity breaks. With customizable settings and a sleek design, you can personalize the app to your specific needs, including your working hours and days, and enjoy the convenience of an AI personal trainer with various sets of exercises. Take the first step towards a healthier, happier you today! Install Healthyapp and experience the transformative power of wellness with healthy reminders!See less",,https://chromewebstore.google.com/detail/jmiaipkifkemllkhhoofjnikkckoofea?hl=en,https://lh3.googleusercontent.com/5PDX2kpfm6tpesCvq0SvNhmhgH1xzz77HjrWcKdP-uVrfDnp1JKeVoe2tJ3fntPuwiQzModbMCyEgQkJeE5a7WoyJXs=s128-rj-sc0x00ffffff,"UpdatedMarch 12, 2024",,,0.171,2026-06-01,below_popularity_thresholds
ios:id1566825092,AppStore,id1566825092,concentric-app_appstore,Concentric App,Bhawan Baweja,Productivity,,5.0,1.0,,,Free,"Concentric's Home Visit and Student Engagement application is a platform made for educators who conduct home visits and re-engage students. These Educators or PSAs (Professional Student Advocates) are assigned to students for getting student's report like 'why student is not coming'. PSA accomplishes that by either visiting student's home or making a phone call. This platform enables PSA to view and complete details of the home-visit or phone-call assigned to them. PSA can view details from different academic years of Home Visit and Phone Call. To keep track, visits and calls are divided into Assigned, Completed, Completed & Closed and Pending & Closed. Different filters will help user to browse and search data easily. PSA can create routes and add home-visit which will help them to navigate and re-plan their route with map and distance features. Large home-visit data can be added to routes using import. After arriving to location they can mark visit as done and complete the route.",https://app.concentriced.org/public/,https://apps.apple.com/us/app/concentric-app/id1566825092?uo=4,https://is1-ssl.mzstatic.com/image/thumb/Purple211/v4/71/dd/1b/71dd1b58-5823-dacc-3cde-ee70d3458ef9/AppIcon-1x_U007emarketing-0-10-0-0-85-220-0.png/512x512bb.jpg,1.1.9,2021-10-06,2024-06-27,0.349,2026-06-01,below_popularity_thresholds
cws:nboimjlpccmgehkfenfhaifdpjppeoll,ChromeWS,nboimjlpccmgehkfenfhaifdpjppeoll,minimalist-task-manager_chromews,Minimalist Task Manager,Non-traderThis developer has not identified itself as a trader. For consumers in the European Union,Extension,,5.0,2.0,,,Free,"OverviewA minimalist task manager with Pomodoro, a local Year Calendar, and a Meditation Zone to enhance focus and productivity.# Minimalist Task Manager: The Start Page for Focus & Calm **Control your day, visualize your year, and find your flow.** The Minimalist Task Manager turns your new tab into a distraction-free command center. It combines powerful daily planning with a revolutionary ""Bird's Eye"" year view, designed to cure time blindness and help you load-balance your life against reality—all while keeping your data 100% private. --- ### 🚀 New in v1.8.2 * **🔗 Floating Quick Links Grid**: A stunning, full-screen overlay for your most-used tools. Manage up to 50 sites with auto-resolving high-res logos and a sleek Chrome-inspired aesthetic. * **🛡️",,https://chromewebstore.google.com/detail/nboimjlpccmgehkfenfhaifdpjppeoll?hl=en,https://lh3.googleusercontent.com/9OEgKNdeAp8HxqZCQ0ErCL0_7GUTQJs5a0Uq5mrTd1-EYXpW138kFu8qppJUCixmllo7xHhHQImM7bHAKM4QxmP9cw=s128-rj-sc0x00ffffff,"UpdatedMay 2, 2026",,,0.608,2026-06-01,below_popularity_thresholds
cws:ljigippjjlenfiofmbipieclkfcjfcop,ChromeWS,ljigippjjlenfiofmbipieclkfcjfcop,uw-shuffle-making-quest-easier-to-use_chromews,UW Shuffle — making Quest easier to use,Non-traderThis developer has not identified itself as a trader. For consumers in the European Union,Extension,,5.0,3.0,,,Free,"OverviewPreview your schedule, plan with friends, and dodge bad professors on Quest.Stop struggling with Quest. Planning schedules with friends, checking professor reviews, and swapping classes should be simple. UWShuffle is the Chrome extension that takes the pain out of Quest. ➤ Here’s what UWShuffle can do for you: • Visual schedule preview: Instantly see a clean weekly calendar when testing swaps • Professor insights: View UW Flow ratings and reviews directly in the sidebar. • Quick schedule sharing: Generate shareable links friends can import with one click. • Export to calendar: Download as ICS for Google, Apple, or any calendar app. ➤ About UWShuffle: Built by UW students, for UW students. Our goal is simple: make university life easier, not harder.See less",,https://chromewebstore.google.com/detail/ljigippjjlenfiofmbipieclkfcjfcop?hl=en,https://lh3.googleusercontent.com/Xsq1tUTSUokPtZNl1jZOZBSP7DhIPKZ43P98ybnHFFKfMsPnCCCgh6ikAtYUSomes-Wd7u2zM0ave9tvOoVAryC0=s128-rj-sc0x00ffffff,"UpdatedAugust 18, 2025",,,0.098,2026-06-01,"below_popularity_thresholds,low_relevance,weak_scope_without_required_strong_signal"
cws:nbocoaebfdcibmmjjbkmedpmdaekcmla,ChromeWS,nbocoaebfdcibmmjjbkmedpmdaekcmla,activify-student-planner_chromews,Activify - Student Planner,Non-traderThis developer has not identified itself as a trader. For consumers in the European Union,Extension,,5.0,3.0,,,Free,"OverviewScan school platforms on demand, organize assignments, and build a daily study plan with AI.Transform your chaotic school portals into a streamlined, AI-driven daily plan with Activify, the ultimate side panel assistant for the modern student. By instantly scanning assignments from Canvas, Google Classroom, and Schoology, Activify uses the high-speed Llama 3.3 AI to generate realistic, time-blocked study schedules that account for your extracurriculars and needed breaks. Experience the most satisfying way to crush your to-do list with our unique ""Drag-to-Strike"" gesture, featuring a glowing, canvas-animated strike-through, while building a ""Study Streak"" that keeps you consistent and motivated. Whether you need to estimate homework time, find out what to work on ""right now,"" or sync your tasks across devices, Activify handles the heavy lifting of planning so you can focus on passing.",,https://chromewebstore.google.com/detail/nbocoaebfdcibmmjjbkmedpmdaekcmla?hl=en,https://lh3.googleusercontent.com/v99RTFj04Pe_hofI5NhC83D6R230HCJycoP5JNZ_feyAnEJhnpTgOKfMyAL7Mwm19BQiM8hSyz24xEnchzW-nFKo3eg=s128-rj-sc0x00ffffff,"UpdatedMay 26, 2026",,,0.355,2026-06-01,below_popularity_thresholds
cws:mkgehmmjddnfooiheplkcgbgonmeialc,ChromeWS,mkgehmmjddnfooiheplkcgbgonmeialc,foci-planner_chromews,Foci Planner,Non-traderThis developer has not identified itself as a trader. For consumers in the European Union,Extension,,5.0,6.0,,,Free,"OverviewThe Best Planner for CreatorsReplace your new tab page with a personal dashboard to help you get focused, and stay organized with its minimalist view. • Minimalist • Daily | Weekly | Monthly Planner • Todo List • Beautiful Themes • Calm New Updates •",,https://chromewebstore.google.com/detail/mkgehmmjddnfooiheplkcgbgonmeialc?hl=en,https://lh3.googleusercontent.com/osEWOSeeM4-FwWZpo18aO9npaauzt6_4CBpi3kP6AkA1SSzLZA7G4VylBJSjDS1irwxiwbs4LKZ6ZSiDxuNfp-soCQ=s128-rj-sc0x00ffffff,"UpdatedNovember 3, 2024",,,0.106,2026-06-01,low_relevance
cws:ikcpbmlbgoknannnfcnfhmohpcnlphmn,ChromeWS,ikcpbmlbgoknannnfcnfhmohpcnlphmn,habit-tracker_chromews,Habit Tracker,Non-traderThis developer has not identified itself as a trader. For consumers in the European Union,Follows recommended practices for Chrome extensions. Learn more.,1000.0,4.1,19.0,,,Free,OverviewAdd personal habits based on your goals and keep track of them.- Basic extension for keeping track of habits. - Upload a habit. - Check the completed days.,,https://chromewebstore.google.com/detail/ikcpbmlbgoknannnfcnfhmohpcnlphmn?hl=en,https://lh3.googleusercontent.com/BfiPrAzoprFV1qyr89ai3k55GxHyZtQuFg8VuB2DSi__IuUo9zz3IiGhAGZYHeG8pRtDJHvIas0isQWVyHXqIK8p6Og=s128-rj-sc0x00ffffff,"UpdatedFebruary 2, 2023",,,1.0,2026-06-01,weak_scope_without_required_strong_signal
play:co.bitbakery.BrainFit,PlayStore,co.bitbakery.BrainFit,brainfit-habit-tracker_playstore,BrainFit – Habit Tracker,WBHI,Kids,5000.0,4.1,42.0,,,,"Optimize your brain health with BrainFit, a free habit tracker to help guard against dementia by building habits in the Six Pillars of Brain Health. Private, individualized, and adaptable, BrainFit gives you up-to-date, fact-based information, encouragement, and support to help you start and keep healthy habits for your brain.Unique Features·	Guides users to healthy habits based on all Six Pillars of Brain Health: Exercise, Nutrition, Stress Management, Social Activity, Mental Stimulation, and Sleep·	Completely private and confidential and free to use·	Educates you on how to protect their brain health·	Content continually updated based on the latest research·	Tracks habits to help you monitor your progress·	Includes articles on the latest scientific evidence and hundreds of tips·	Provides Challenges and encouragement to keep you motivated",https://womensbrainhealth.org/brainfit,https://play.google.com/store/apps/details?id=co.bitbakery.BrainFit&hl=en&gl=US,https://play-lh.googleusercontent.com/6-gdu06jN3YJ7SJfhGzGR35MZ3qXQl2KFTSuJ4YUuqgIXT_3ngJYBpuhHnzz1Pr0vwc=w240-h480-rw,1.2.2,2022-11-11,2024-10-05,1.0,2026-06-01,weak_scope_without_required_strong_signal
cws:kbcdmkcnmpolhhhpeohepljeccihfngl,ChromeWS,kbcdmkcnmpolhhhpeohepljeccihfngl,youfocus-hide-youtube-distractions_chromews,YouFocus - Hide YouTube Distractions,Non-traderThis developer has not identified itself as a trader. For consumers in the European Union,Follows recommended practices for Chrome extensions. Learn more.,5000.0,4.9,45.0,,,Free,"OverviewHide YouTube suggested videos, comments, and more with a single clickYouFocus hides distracting content on YouTube with just one click. Whether you're watching YouTube for educational content or just for entertainment purposes, there is no reason to get sucked into videos that you did not originally intend to watch. 70% of all videos watched on YouTube are those recommended to the user, not searched. With YouFocus, you can beat the YouTube algorithm and watch what YOU want to watch, not what YouTube is recommending. YouFocus is a customizable experience. You can select which elements of YouTube you want to hide and which elements you want to see. The extension also has a schedule feature, allowing you block distractions during select hours. YouFocus has intuitive, easy to use controls. Additionally, the state of your extension is synced with your google account, allowing you to use the extension on multiple computers at once.",,https://chromewebstore.google.com/detail/kbcdmkcnmpolhhhpeohepljeccihfngl?hl=en,https://lh3.googleusercontent.com/PybFr-L_ApQToUU6q2SrCBha0h-8MIAjzKRayrGFT7f9mB38Lb2ZqBsovChXGpvxx2LqF3MqC_6zVdMcEw5h-mQ-=s128-rj-sc0x00ffffff,"UpdatedJanuary 30, 2026",,,0.309,2026-06-01,weak_scope_without_required_strong_signal
play:com.kronickel.choreman.app,PlayStore,com.kronickel.choreman.app,family-chore-manager_playstore,Family Chore Manager,Kronickel,Kids,10000.0,4.0,101.0,3.99,39.99,$3.99 - $39.99 per item,"Family Chore Manager helps parents assign chores, send reminders, and track allowance in one place. Kids get a clear daily list of tasks, and parents can quickly see what’s done, what’s due, and what still needs attention.Features:Create and Assign Chores Easily:Quickly add your children and assign chores based on their age and abilities. Set up tasks like “Clean your room,” “Take out the trash,” or “Finish homework” in just a few taps.Daily To-Do Lists for Kids:Each child gets a personalized list of chores for the day, making it easy to see what needs to be done and check off tasks as they’re completed.Chore Notifications:Friendly reminders help kids stay on top of their chores and complete tasks on time.Track Allowance for Completed Chores:Set a value for each chore and let Family Chore Manager automatically track how much each child has earned. Parents can view payment records and manage allowance without the hassle.Build Responsibility with Clear Expectations:Help your children develop responsibility by giving them clear tasks, routines, and rewards for completing their chores.Why Families Choose Family Chore Manager:Simple for Parents and Kids:The app is easy to use, with a clean layout that makes chore management straightforward for the whole family.See What Needs Attention at a Glance:Quickly check which chores are completed, due, or overdue, so nothing falls through the cracks.Support Better Daily Routines:Consistent chores, reminders, and rewards help kids stay on track and build strong habits over time.Get Family Chore Manager today and make household chores easier to manage for the whole family.",,https://play.google.com/store/apps/details?id=com.kronickel.choreman.app&hl=en&gl=US,https://play-lh.googleusercontent.com/Ik5U7EMAQ54fnbguf5dzI5f2lOIbZ_TobWuaQyp_uF4_xoGQJCdiyVNQNGhhG8vcw82w-qHZbTnzpu7Cd9Vm=w240-h480-rw,1.6.7,2024-10-28,2026-05-08,0.254,2026-06-01,not_focus_adhd_productivity_competitor
play:com.skillfoxapps.qhabit,PlayStore,com.skillfoxapps.qhabit,qhabit-daily-habit-tracker_playstore,Qhabit: Daily habit tracker,Skillfox apps,Children,10000.0,4.1,247.0,1.49,27.99,$1.49 - $27.99 per item,"Qhabit: Your Personalized Habit Tracker for SuccessEmbark on a journey of self-improvement with Qhabit, your ultimate habit tracker companion. Uncover the power of visualization with captivating charts, diagrams, and tags that transform your progress into a compelling narrative.Organize Your Life, Achieve Goals, and Maintain RoutineQhabit seamlessly integrates into your daily rhythm, empowering you to cultivate positive habits and ditch unproductive ones. Whether you're aiming for fitness excellence, mastering mindfulness, or simply seeking a more structured lifestyle, Qhabit is your unwavering guide.Uncover Insights with Powerful AnalyticsDelve into the depths of your habits with Qhabit's robust analytics. Compare habits side-by-side, generate insightful performance reports, and uncover hidden patterns that will fuel your progress.Embrace a Night Owl-Friendly ApproachQhabit understands that not everyone adheres to a traditional 9-to-5 schedule. With its flexible start-of-day feature, Qhabit adapts to your unique rhythm, ensuring that your habit-tracking journey remains seamless and aligned with your preferences.Download Qhabit Today and Take Control of Your HabitsJoin the thousands of individuals who are transforming their lives with Qhabit. Download the app today and embark on a journey of self-discovery, growth, and unwavering success.Plus, with our Wear OS companion app, you can easily track your habits right from your wrist. Just glance at your watch to see your progress for the day. Our WearOS app also supports multiple tiles that you can add to your watch, so you can always see your progress at a glance.",https://qhabit.com,https://play.google.com/store/apps/details?id=com.skillfoxapps.qhabit&hl=en&gl=US,https://play-lh.googleusercontent.com/8aUqnvLUDv9xWgyju9WIxjffs9BnGqqAncAYWIo3gTdcDLHiCCrNv_h_nwt1TuguQgk=w240-h480-rw,Varies with device,2021-07-25,2025-09-28,1.0,2026-06-01,weak_scope_without_required_strong_signal
play:com.ofalvai.habittracker,PlayStore,com.ofalvai.habittracker,habit-builder_playstore,Habit Builder,Olivér Falvai,Kids,10000.0,4.3,448.0,,,,"Habit Builder is a simple, beautiful app that provides you with the right tools to keep track of your habits and understand your progress. The app is free, open source, and respects your privacy by storing everything on-device.Keep track of your habitsLog your habits every day with Habit Builder. Instantly see your progress over the past few days.Visualize your progressGet insights into your habits and spot patterns instantly. Habit Builder keeps track of your most successful habits, the most active day for each habit, and other useful statistics.CustomizationCustomize each habit with custom colors and notes. Choose the layout that fits your needs.Your dataYour data never leaves your device as Habit Builder stores everything locally. The app works without an internet connection and you never need to create an account or share your data.",,https://play.google.com/store/apps/details?id=com.ofalvai.habittracker&hl=en&gl=US,https://play-lh.googleusercontent.com/gvUWha_BWaq5HltmPlG2nVyZj6Qt9UO6HraXMfZqKHGaCgZ00Hr5Vmy18544U_sigA=w240-h480-rw,1.1.3,2022-12-24,2024-08-02,1.0,2026-06-01,weak_scope_without_required_strong_signal
play:com.surfcityapps.endprocrastination,PlayStore,com.surfcityapps.endprocrastination,end-procrastination-hypnosis_playstore,End Procrastination Hypnosis,Surf City Apps,Kids,100000.0,4.3,448.0,3.99,8.99,$3.99 - $8.99 per item,"◎ A single daily audio session that is effective* in just 1–3 weeks◎ Hypnosis audio carefully read by the soothing voice of a certified hypnotherapist◎ Peaceful background music and nature sounds to help you relax◎ Hypnotic Booster with binaural beats to induce your brainwave frequency into an optimal state for receiving hypnotic suggestions◎ Separate volume controls for Voice, Background, and Hypnotic Booster◎ Awaken at End feature can be disabled at bedtime for a relaxing, restful sleep◎ Repeat sessions or loop while you sleep◎ Continue listening to background sounds after the session endsTHE BEST APP TO END PROCRASTINATION AVAILABLEEnd Procrastination Hypnosis is free to try and effective* with the default settings. A one-time in-app purchase is required only if you wish to change the default settings. (Each of our free hypnosis apps includes its own in-app purchase; in-app purchases cannot be shared among separate apps.)INTERACT WITH USSurf City Apps offers a range of hypnosis apps to help you enjoy a healthier, happier, and more abundant life. Tell us how you use our apps to improve your life:Facebook.com/surfcityappsTwitter.com/SurfCityAppshttp://surfcityapps.comCONTACT SUPPORThttp://support.surfcityapps.comTERMS & CONDITIONShttp://surfcityapps.com/termsREFERENCEShttps://en.wikipedia.org/wiki/Hypnosishttps://en.wikipedia.org/wiki/Binaural_beats*DISCLAIMERResults not clinically proven. The content and services provided by this Application are for educational purposes only and are not intended to be a substitute for professional medical advice, diagnosis, or treatment. Never rely on information on this Application in place of seeking professional medical advice. Consult your doctor before using this Application if you suffer from a heart condition, mood disorder, epilepsy, or a psychiatric or neurological condition.",http://surfcityapps.com,https://play.google.com/store/apps/details?id=com.surfcityapps.endprocrastination&hl=en&gl=US,https://play-lh.googleusercontent.com/6la6jTg57jTX_DG9P-aud1r5lXWrBdT1xxaGVuAWgmIRFhytLkvRpzXS35W4ST3iy7I=w240-h480-rw,2.64,2013-12-23,2026-04-02,0.825,2026-06-01,not_focus_adhd_productivity_competitor
play:com.wayoflife.app,PlayStore,com.wayoflife.app,way-of-life-habit-tracker_playstore,Way of Life: habit tracker,Way of Life ApS,Kids,500000.0,3.6,1320.0,4.99,6.49,$4.99 - $6.49 per item,"FASTInvest less than a minute daily to track, identify, and change your habits with Way of Life.EFFICIENTChanging habits is hard work. Having the right tool is half the battle. Way of Life is that tool - a beautiful, intuitive habit tracker that motivates you to build a better, stronger, and healthier you!As you collect more and more information, you will be able to spot positive and negative trends in your lifestyle easily:• Am I exercising as much as I thought?• Eating less and less fast food?• Getting the fruits and vegetables I need?• Sleeping well?• Avoiding too much sugar?Or whatever is essential to you. There are no restrictions on what Way of Life can help you with when it comes to changing habits.FEATURE RICH• Powerful reminders with flexible scheduling and custom messages.• Charts - bar graphs with trend lines • Note-taking - quickly jot down a note• Unlimited items (*)• Backup to any Cloud storage provider that supports Android (*)• Archive completed goals• Updating takes less than a minute a day• Export data as CSV or JSON'Way of Life is the ultimate habit building app.' -- App AdviceVoted 'Best Motivation App of 2019' -- HealthlineFeatured on the Tim Ferris podcast with Kevin RoseWay of Life is recommended by Forbes, The New York Times, Marie Claire, HealthLine, The Guardian, Tech Cocktail, Business Insider, FastCompany, Entrepreneur, and Lifehacker.*) requires premium",https://wayoflifeapp.com,https://play.google.com/store/apps/details?id=com.wayoflife.app&hl=en&gl=US,https://play-lh.googleusercontent.com/99OZkOVUsQt-t7xZsXxIe2s-Uss4_AXaOFFW2zct7UgWA8SGxDAwGDpVFq783x8KdquK=w240-h480-rw,1.9,2016-12-01,2025-08-07,1.0,2026-06-01,weak_scope_without_required_strong_signal
play:org.isoron.uhabits,PlayStore,org.isoron.uhabits,loop-habit-tracker_playstore,Loop Habit Tracker,Álinson S Xavier,Kids,5000000.0,4.7,62400.0,,,,"Loop helps you create and maintain good habits, allowing you to achieve your long-term goals. Detailed charts and statistics show you how your habits improved over time. The app is completely ad-free, open source and it respects your privacy.Simple, beautiful and modern interfaceLoop has a minimalistic interface that is very easy to use and follows the material design guidelines.Habit scoreIn addition to showing your current streak, Loop has an advanced formula for calculating the strength of your habits. Every repetition makes your habit stronger, and every missed day makes it weaker. A few missed days after a long streak, however, will not completely destroy your entire progress, unlike other don't-break-the-chain apps.Detailed graphs and statisticsClearly see how your habits improved over time with detailed charts and statistics. Scroll back to see the complete history of your habits.Flexible schedulesSupports not only daily habits, but also habits with more complex schedules, such as 3 times every week; one time every other week; or every other day.RemindersCreate an individual reminder for each habit, at a chosen hour of the day. Easily check, dismiss or snooze your habit directly from the notification, without opening the app.WidgetsTrack your habits directly from your home screen, with beautiful and colorful widgets.Completely ad-free and open sourceThere are absolutely no advertisements, annoying notifications or intrusive permissions in this app, and there will never be. The complete source code is available under an open-source license (GPLv3).Works offline and respects your privacyLoop doesn't require an Internet connection or online account registration. Your confidential habit data never leaves your phone. Neither the developers nor any third-parties have access to it.Take your data with youIf you want to further analyze your data or move it to another service, Loop allows you to export it to spreadsheets (CSV) or to a database format (SQLite).",,https://play.google.com/store/apps/details?id=org.isoron.uhabits&hl=en&gl=US,https://play-lh.googleusercontent.com/gGHaWnV9n3EK0jpJ_yessWA1PF6mcL7Ys41mBPTCTXtusf13Yr2zVpVYAOI69ZX2Gjc=w240-h480-rw,2.3.1,2016-02-22,2025-09-15,1.0,2026-06-01,weak_scope_without_required_strong_signal
cws:bnoncjmpkkgnkgkebkgmmbphmebdbnje,ChromeWS,bnoncjmpkkgnkgkebkgmmbphmebdbnje,triumph-habit-tracker_chromews,Triumph - Habit tracker,TraderThis developer has identified itself as a trader per the definition from the European Union and committed to only offer products or services that comply with EU laws.,Extension,,0.0,,,,Free,"OverviewDaily habit tracker to log small wins, build streaks, and create positive feedback loops. Celebrate your progress.Stop focusing on what you didn't do. Start celebrating what you did. Triumph is a habit tracker designed around one powerful idea: logging your daily wins creates positive feedback loops that rewire your brain for success. Log 5 wins each day. Build streaks. Watch your momentum grow. It's that simple. 🏆 KEY FEATURES ✅ Daily Win Logging - Record exactly 5 accomplishments each day, big or small. This daily wins approach prevents decision fatigue while ensuring meaningful reflection. ✅ Streak Tracking - Visualize your consistency with current and longest streak displays. Nothing motivates like watching your habit streak grow. ✅ Progress Analytics - Review your win history and spot patterns in your behavior. See how your small wins compound over time. ✅",,https://chromewebstore.google.com/detail/bnoncjmpkkgnkgkebkgmmbphmebdbnje?hl=en,https://lh3.googleusercontent.com/6FsLbMGmHbKaS9-AgfQeSYebOJGlFj5RFF4wHVFOB95w4dxn9ZlEb9gugYEJp3ntaiioKmbN8S4beWFnhvo9nWAU8AI=s128-rj-sc0x00ffffff,"UpdatedDecember 30, 2025",,,1.0,2026-06-01,"below_popularity_thresholds,weak_scope_without_required_strong_signal"
cws:chjmonpkdbgeepflmgghhfcflejcglpp,ChromeWS,chjmonpkdbgeepflmgghhfcflejcglpp,habit-tracker_chromews,Habit Tracker,Non-traderThis developer has not identified itself as a trader. For consumers in the European Union,Extension,,0.0,,,,Free,"OverviewA simple and beautiful way to track your habitsSet which 4 habits you want to track, and then simply click the rectangle representing the current day if you complete that habit.",,https://chromewebstore.google.com/detail/chjmonpkdbgeepflmgghhfcflejcglpp?hl=en,https://lh3.googleusercontent.com/paoC0jcelYDmHs9VGxvAvZFSlMv3Ok98a0LfDAex0XZeadtL_h2UPLOpYai7NvM7BWGkuIQD6XuatRiDxBoBlUbH5y8=s128-rj-sc0x00ffffff,"UpdatedJuly 17, 2022",,,0.943,2026-06-01,"below_popularity_thresholds,weak_scope_without_required_strong_signal"
cws:phibodiabnfldclfgkkafehjbadgeaad,ChromeWS,phibodiabnfldclfgkkafehjbadgeaad,habit-tracker-daily-progress_chromews,Habit Tracker - Daily Progress,Non-traderThis developer has not identified itself as a trader. For consumers in the European Union,Extension,,0.0,,,,Free,"OverviewTrack habits, tasks, and events with Google Calendar sync. Build streaks and achieve your goals!It tracks the habits,tasks and events with calendar.Users can maintain streak and earn rewards.",,https://chromewebstore.google.com/detail/phibodiabnfldclfgkkafehjbadgeaad?hl=en,https://lh3.googleusercontent.com/gmSUV1Tbf5ibLTXVMmgUuTRxgn8qbOSIELfk_tZ0ZmXaOkk40o_tvAUHnwihoMDxVagXVcligdtaXi5Pem67Wv91hg=s128-rj-sc0x00ffffff,"UpdatedAugust 16, 2025",,,0.857,2026-06-01,"below_popularity_thresholds,weak_scope_without_required_strong_signal"
play:com.coachvikram.app,PlayStore,com.coachvikram.app,executive-presence_playstore,Executive Presence,By Coach Vikram,Kids,100.0,,,,,,"From Technical Contributor to Trusted Advisor. One Action at a Time.Most professionals are promoted for what they do.But to truly lead, you must be remembered for how you show up.The Executive Presence App helps you build likeability, trust, and credibility- one day at a time.Developed by Coach Vikram and powered by the proprietary Executive Presence Index (EPI) assessment, this app turns leadership insight into behavioural change in the fastest time.Whether you're a CXO, people leader, or emerging talent, the app helps you move from doing the work to owning the room.🎯 What You’ll Do Daily:- Receive nudges based on your leadership style: Focus, Warmth, and Power- Practice high-impact presence habits across 9 capabilities- Track progress with points, streaks, and leaderboards",https://coachvikram.com/,https://play.google.com/store/apps/details?id=com.coachvikram.app&hl=en&gl=US,https://play-lh.googleusercontent.com/5vPMbG-CPkrOjSzPLzzX-i2ylnRwCACSuPi8_5piGRdhUSvpGfHQJ9itpVcbOmiNAco=w240-h480-rw,3.0.2,2025-05-28,2026-05-27,0.237,2026-06-01,below_popularity_thresholds
play:com.digital.executivenotes,PlayStore,com.digital.executivenotes,executive-notes_playstore,Executive Notes,Digital Servicing,Kids,10.0,4.4,,,,,"Welcome to Executive Notes App, your ultimate companion in capturing, organizing, and managing your tasks effortlessly; your personal assistant. Elevate your productivity with our feature-rich app designed to empower your notetaking and task management needs.Key Features:Intuitive Notetaking: Seamlessly jot down your ideas, thoughts, and to-do lists with our user-friendly interface. Effortlessly capture the essence of your creativity.Efficient Task Management: Start creating and efficiently managing your tasks through the app. Stay on top of your commitments and never miss a deadline.Organize with Ease: Stay organized like never before. Take notes with ease and manage your tasks effectively to ensure nothing falls through the cracks.Powerful Reminder System: Set timely alerts for your notes and tasks, ensuring you stay on track with your commitments. Never miss a deadline or forget an important task again.Cross-Device Sync: Access your notes and tasks anytime, anywhere, with seamless synchronization across all your devices. Your ideas and tasks are always at your fingertips.Collaborate Effortlessly: Share your notes and tasks with friends, family, or colleagues and collaborate in real-time. Spark creativity, streamline actions, and achieve more together.Rich Media Support: Enhance your notes and tasks with images and audio clips. Executive Notes goes beyond text with our multimedia-friendly platform.Secure Your Ideas: Protect your thoughts and tasks with our robust security features, ensuring that your information stays confidential.Customizable Themes: Personalize your notetaking and task management experience. Find the perfect backdrop for your creativity and productivity.Smart Search: Effortlessly find what you need with our intelligent search functionality. Locate information instantly and stay organized.Continuous Updates: We are committed to enhancing your experience. Expect regular updates with new features and improvements to keep Executive Notes at the forefront of note-taking and task management innovation.Elevate your productivity, creativity, and organization with Executive Notes. Download now and unlock a world of limitless possibilities in notetaking and task management. Your ideas and tasks synchronized and secured – because inspiration can strike at any moment.",https://digitalservices.me/executivenotes/index.html,https://play.google.com/store/apps/details?id=com.digital.executivenotes&hl=en&gl=US,https://play-lh.googleusercontent.com/i5DAGvFKlT4MT6QJrJhQK7jP8VGSus0bdcD9nusgApSpZ04duVKZnB9TYK5-63BD7j4=w240-h480-rw,1.4.3,2023-10-04,2024-10-08,0.283,2026-06-01,below_popularity_thresholds
play:com.findclic.executivetransfers,PlayStore,com.findclic.executivetransfers,executive-transfers_playstore,Executive Transfers,Findclic Cia. Ltda.,Kids,50.0,,,,,,"Executive Transfers is your private and executive transportation solution in Ecuador, designed for clients seeking comfort, safety, and punctuality on every trip.With a fleet of modern vehicles and professional drivers, we offer a first-class travel experience tailored to your needs, whether for corporate transfers, business events, or private trips.Key Features:🚘 Luxury fleet: modern vehicles with the latest technology.👨‍✈️ Professional drivers: trained and with extensive route knowledge.⏱ Guaranteed punctuality: we arrive on time for every appointment.🌙 24/7 service: full availability for your comfort.More than just transportation, we offer personalized attention, discretion, and a focus on total customer satisfaction. With Executive Transfers, every trip is a unique experience.",https://executivetransfers.ec,https://play.google.com/store/apps/details?id=com.findclic.executivetransfers&hl=en&gl=US,https://play-lh.googleusercontent.com/9XvsfeAArliWJ52GJJP3MRLBdxT5y20ZXalrmCvSMJ150IZsk6g7KV2dUdb6plhfQXy_=w240-h480-rw,1.0.10,2025-09-12,2025-11-27,0.229,2026-06-01,below_popularity_thresholds
play:com.habitracker.app,PlayStore,com.habitracker.app,habitforge-habit-tracker_playstore,HabitForge - Habit Tracker,KrishnaNag,Kids,500.0,,,,,,"Transform your life, one habit at a time.HabitForge is a powerful yet simple habit tracking app designed to help you build lasting positive habits and break negative ones. Whether you want to exercise daily, read more books, meditate, or achieve any personal goal, HabitForge provides the tools and motivation you need to succeed.HabitForge - Main FeaturesSmart Habit Tracking - Track daily and weekly habits with flexible scheduling optionsReal-time Dashboard - Monitor your progress with 7-day, 30-day, and momentum metricsProgress & Completion Tracking - Support for both yes/no habits and progress-based goals (pages read, miles run, etc.)Visual Progress Calendar - Interactive calendar view to log and visualize your habit streaksMilestone Celebrations - Unlock achievements and celebrate your progress milestonesFeeling Tracker - Log your mood and feelings for each habit sessionSmart Reminders - Set custom notifications to never miss your scheduled habitsMobile-First Design - Optimized for phones and tablets with responsive interfaceDark Mode - Easy on the eyes with beautiful dark themeDetailed Analytics - Track streaks, gaps, and overall consistency patternsQuick Logging - Fast and intuitive habit logging with one-tap completionOffline Support - Works without internet connection, syncs when online",,https://play.google.com/store/apps/details?id=com.habitracker.app&hl=en&gl=US,https://play-lh.googleusercontent.com/w9K5NCYAKumcVHGSp7rhiJGm-JdZMTCt0rmZqXZl8iqXdzlLGPTZ6NeO2YRekrrm5uVucCiavj2qzVAFSWg9N7k=w240-h480-rw,1.26.0,2025-07-30,2025-08-02,1.0,2026-06-01,"below_popularity_thresholds,weak_scope_without_required_strong_signal"
play:com.lancerdog.habitomo,PlayStore,com.lancerdog.habitomo,shared-habit-tracker-habitomo_playstore,Shared Habit Tracker: Habitomo,Shibapp LLC,Kids,500.0,4.5,,3.99,29.99,$3.99 - $29.99 per item,"A shared habit tracker that helps you build daily routines.Track habits together with family, friends, or your partner.With stamps, reminders, and reports, staying consistent feels easy and natural.Habitomo is a habit-tracking app designed to make habits gentle, social, and sustainable.You don’t have to be perfect — just keep going, together.【Features】Easy habit tracking with stampsJust tap a stamp to log your habit for the day.Choose how you feel — Done, A little, or Rest day — and keep going without pressure.Notes & photos for deeper reflectionAdd a short note to capture your mood or thoughts.Attach photos to make your records more memorable and notice changes over time.Gentle reminders that fit your dayGet soft notifications when it’s time for your habit.Even on busy days, a small nudge helps you take action.Share habits and stay motivatedShare habits with family, friends, or your partner.See each other’s progress and send reactions to encourage one another.Reports to see your progressCheck streaks, completion trends, and pacing in simple reports.Reflect on what’s working and set your next goals with confidence.No pressure. No perfection.Just a habit tracker made to enjoy the process — together.【How you can use Habitomo】For family habitsShare routines like early sleep, exercise, or study time.Support each other naturally with reactions and progress checks.For couplesTrack fitness, journaling, gratitude, or daily goals together.Stamps and short notes make it easy to stay connected.For friends with shared goalsBuild habits with friends who share the same goal.Daily reactions keep motivation going.For solo habit trackingLog routines and small goals quickly with stamps.Review your progress at your own pace with notes and photos.For reflection & improvementUse reports to spot patterns and challenges.Understand what helps you stay consistent.【Habit Examples】• Wake up early / better sleep routines• Exercise, workouts, stretching• Study, certifications, language learning• Journaling, mental wellness• Diet and health tracking■ About Premium Plan Purchase• The Premium Plan offers monthly and yearly options.• The yearly plan includes a 2-week free trial for first-time subscribers.• After the trial ends, the subscription will automatically renew as a paid plan.• The Premium Plan is an auto-renewing subscription.• Payment will be charged to your Google Play account at confirmation of purchase.• Unless you cancel at least 24 hours before the end of the current period, the subscription will automatically renew.• You can manage or cancel subscriptions in your Google Play account settings.■ Terms of Usehttps://lancerdog.com/moneyboard-terms-conditions/# LICENSEIcons by IconScout",https://lancerdog.com,https://play.google.com/store/apps/details?id=com.lancerdog.habitomo&hl=en&gl=US,https://play-lh.googleusercontent.com/a0gVzG50l5ogurted-YfsYweayO84MGNyvknWLkEpUK922BKj1ZGpd7AoDrOYb5z-lNV5fnVt1oMq36P4R16=w240-h480-rw,1.2.6,2025-12-28,2026-05-28,1.0,2026-06-01,"below_popularity_thresholds,weak_scope_without_required_strong_signal"
play:com.romiick.childcare_android,PlayStore,com.romiick.childcare_android,mirumiru-kids-visual-schedule_playstore,Mirumiru Kids Visual Schedule,Romiick LLC.,Kids,100.0,,,,,,"Mirumiru Picture Card Schedule is a visual schedule app created by an active childcare professional, based on real experiences from daily childcare settings, and designed to be easy to use at home.■ A visual option that’s easy to understandTurning things into something “visible” with illustrations can sometimes make them easier to understand than words alone.Simply knowing what will happen next and what to do can help children feel more at ease.This app is intended as one option — a way to support communication through pictures alongside words.■ For challenging moments — and everyday moments• When it’s hard to switch to the next activity  • When the same question about the schedule is asked repeatedly  • When words alone feel difficult to conveyIn these situations, it can be used to show what’s coming next in a clear, visible way.Even when there are no particular difficulties, it can encourage children to check and manage their own schedule.■ Understanding what time it is forBy looking at picture cards, children can see what they are doing now and what comes next.The layout is simple and easy to use in daily life.■ A small picture book grows with each successAs schedules are completed, children can collect picture book items one by one.Each “I did it” becomes something visible.Daily repetition turns into a small, tangible source of joy.■ Designed to fit your family’s styleIt can replace handmade picture cards or paper schedules, and can also be used when you are out.No special preparation is needed. Use only what you need, in a way that feels natural.■ For children and adultsEasy for children to check, and easy for adults to explain.Mirumiru is a picture card schedule app that gently supports everyday life.",,https://play.google.com/store/apps/details?id=com.romiick.childcare_android&hl=en&gl=US,https://play-lh.googleusercontent.com/fefM7dPWgrNJ5QKGy8OCipPXxjYVCAZBL6dXE2TFcNzeh8qvFIf23xuk2uCEsxdh162c-XlgbG84tXhaMtFmYRY=w240-h480-rw,1.0.2,2026-03-15,2026-04-12,0.666,2026-06-01,"below_popularity_thresholds,not_focus_adhd_productivity_competitor,weak_scope_without_required_strong_signal"
play:it.impararegiocando.robertodelorenzo.executivefunctions,PlayStore,it.impararegiocando.robertodelorenzo.executivefunctions,executive-functions-1-workin_playstore,EXECUTIVE FUNCTIONS 1 - Workin,Roberto De Lorenzo,Kids,100.0,,,,,,"Executive Functions are a set of cognitive processes that allows to manage complex or unusual situations successfully. They regulate analysis, planning, control and coordination of the cognitive system, and control the activation and use of knowledge processes.It is widely believed that Executive Functions play a fundamental role in 'smart' behavior and that they can be trained and improved through specific exercises. Main executive functions are the acquisition and updating of Working Memory, Cognitive Flexibility and Behavioral Inhibition.The ""Executive Functions"" series of apps is dedicated to the exercise and improvement of these skills. The first app, which is presented here, is dedicated to 'Working Memory', and proposes many exercises to verify, improve and use the ability to remember, recall and discriminate in the short term some elements that can be images, colors, words, voices or combinations thereof.Each exercise/level is divided into two stages: during the first, a set of stimuli is presented which must be memorized. Then, in the second stage it is required to use, list and/or discriminate between the elements presented.At the end of each exercise the app shows the result obtained and assigns scores and evaluations taking into account the relative difficulty, the number of elements proposed, the time taken and so on.""Executive Functions"" contains over 200 ""cards"" and their names, written and recorded with a female and male voice. The ‘cards’ represent animals, food, means of transport, numbers, etc. and are used to propose 349 exercises/levels generated and managed automatically for a very high number of possible combinations.",https://www.impararegiocando.it/funzioniesecutive_en.htm,https://play.google.com/store/apps/details?id=it.impararegiocando.robertodelorenzo.executivefunctions&hl=en&gl=US,https://play-lh.googleusercontent.com/_v3fKEo0jqmkyRuJ0Z2M6GE4E6i8IFgAIPUNtxHX8dbaNHHRjWCR-r_v4xp-xJ87_ss=w240-h480-rw,1.5,2019-10-21,2025-07-10,0.151,2026-06-01,"below_popularity_thresholds,not_focus_adhd_productivity_competitor"
play:afib.atrial.fibrillation.heart.rhythm.tracker,PlayStore,afib.atrial.fibrillation.heart.rhythm.tracker,afib-tracker_playstore,AFib Tracker,Tracker Diary App,Children,50.0,4.6,,1.99,119.99,$1.99 - $119.99 per item,"Take control of atrial fibrillation with AFib Tracker, the heart rhythm diary, episode log, and medication tracker for adults living with paroxysmal, persistent, or permanent AFib, recently diagnosed, on anticoagulants, or post cardioversion or ablation.Whether you feel a flutter at 3 a.m., a skipped beat in the parking lot, or an episode that shows up out of nowhere, this AFib app turns daily readings, episodes, and triggers into clear data you and your cardiologist can actually use.🎯 WHAT THIS AFIB TRACKER DOES🔥 Episode LoggingCapture an AFib episode the way it actually feels. Note start and end time, pulse, regularity, palpitations, dizziness, chest discomfort, shortness of breath, fatigue, and post episode recovery. Tag if you converted on your own or needed cardioversion.📈 Heart Rate and ECG TrackingLog manual pulse, smartwatch heart rate, and ECG strip notes from Apple Watch, Kardia, or Withings. Trend resting heart rate, peak rate during episodes, and rate control medication response.💊 Medication ManagementTrack the full AFib regimen: rate control (metoprolol, diltiazem, atenolol, digoxin), rhythm control (flecainide, propafenone, sotalol, amiodarone, dofetilide, dronedarone), anticoagulants (Eliquis, Xarelto, Pradaxa, Savaysa, warfarin), and pill in pocket strategies. Log dose, time, INR if on warfarin, and side effects.🌦️ Trigger and Lifestyle TrackingLog alcohol, caffeine, sleep, stress, dehydration, large meals, exercise, and atmospheric pressure to find what tips you into AFib and what keeps you in sinus rhythm. Spot triggers a paper diary would never reveal.⏰ Adherence and RemindersNever miss an Eliquis, Xarelto, or Pradaxa dose. Track scheduled doses, INR draws, refills, and side effects. Streaks reinforce stroke prevention adherence.📊 Doctor Ready ReportsGenerate clean PDF AFib reports of episode frequency, duration, heart rate trends, INR history, anticoagulant adherence, CHA2DS2-VASc and HAS-BLED inputs, and trigger correlations. Share with your cardiologist or electrophysiologist before every appointment or ablation discussion.💪 Health Connect and WearablesSync heart rate, sleep, steps, and ECG events automatically from Apple Watch, Kardia, Fitbit, or Wear OS. Pair vitals with your AFib log so the full picture lives in one place.✅ AFIB CONDITIONS THIS APP SUPPORTS- Paroxysmal AFib- Persistent AFib- Long standing persistent AFib- Permanent AFib- Post ablation monitoring- Post cardioversion follow up- AFib with rapid ventricular response- AFib with heart failure overlap- AFib with stroke prevention focus⭐ WHY PEOPLE USE THIS AFIB APP- Spot alcohol, sleep, and stress triggers paper diaries miss- Catch episode patterns weeks before your next visit- Show your cardiologist exactly when a rhythm med stopped working- Build the data needed for ablation insurance approval- Track INR, anticoagulant doses, and bleeding events in one place- 30 second logging during an active episode🔒 PRIVACY FIRSTYour health data belongs to you. We never sell or share personal information. Optional cloud backup uses end to end encryption. Local first storage keeps your AFib data on your device by default.AFib Tracker is the app built to manage episodes, anticoagulation, and rhythm control, and put you back in control.Disclaimer: AFib Tracker is for informational and personal tracking use only. It is not a medical device and does not diagnose, treat, cure, or prevent any medical condition. Always consult a qualified healthcare professional for medical concerns.",https://claritydtx.com/afib/,https://play.google.com/store/apps/details?id=afib.atrial.fibrillation.heart.rhythm.tracker&hl=en&gl=US,https://play-lh.googleusercontent.com/Bvb0LAy-j5jocEXJdfuMrdQM-C6pOJ--EloxO9F4LkCltb8DPzIwN_R3nop7cRnoGDU=w240-h480-rw,6.5,2026-03-23,2026-05-13,0.229,2026-06-01,below_popularity_thresholds
cws:adbjfonlakgdgleaabinmmojnnglfjlp,ChromeWS,adbjfonlakgdgleaabinmmojnnglfjlp,my-easy-planner_chromews,My Easy Planner,TraderThis developer has identified itself as a trader per the definition from the European Union and committed to only offer products or services that comply with EU laws.,Extension,,0.0,,,,Free,"OverviewLocal Minimalist Task Scheduler with Intermediate StatusesMy Easy Planner is a minimalistic task manager with built-in progress tracking. It works locally, without login or internet access, ensuring your privacy. Each task is not just a single line, but a sequence of statuses that lets you track real progress. 🚀 Features • Create and manage tasks • Add intermediate statuses • Mark tasks as completed • Fully local data storage 💡 Why it’s useful • No registration or accounts • No syncing or data sharing • Fast and distraction-free • Focus on task progress 🔐",,https://chromewebstore.google.com/detail/adbjfonlakgdgleaabinmmojnnglfjlp?hl=en,https://lh3.googleusercontent.com/TW3XW9zNSl0U6tkxreG2ZnnviBTB9mOv6M9Di2oI4fJrQgOC8UmFeesFb7yl4LB7CT9WZSda88dV-2dlyxRGlicgOQ=s128-rj-sc0x00ffffff,"UpdatedMarch 30, 2026",,,0.171,2026-06-01,below_popularity_thresholds
cws:fagbbnknmeojjbipphbenddhfohilfca,ChromeWS,fagbbnknmeojjbipphbenddhfohilfca,my-day-planner_chromews,My Day Planner,Non-traderThis developer has not identified itself as a trader. For consumers in the European Union,,,0.0,,,,Free,"OverviewMy Day PlannerMy Day Planner helps you organize your productivity with style! Transform your browsing experience with My Day Planner, the ultimate new tab extension designed to keep you organized and inspired. Featuring stunning live backgrounds that you can effortlessly switch between. Here are some of its Features: Customizable New Tab Experience- refresh your new tab with beautiful live backgrounds to boost your productivity and creativity. Bookmark Management- easily add and access your favorite bookmarks directly from the new tab, ensuring you never miss a key website. Quick Notes-write down important reminders or ideas instantly with the built-in note feature. Instant Access to AI Tools- with dedicated buttons, you can seamlessly switch to ChatGPT, Gemini, Copilot, and Grok, aiding your productivity right when you need it. Accessibility Shortcuts- find everything you need in one place, including buttons for downloads, history, settings, extensions, and bookmarks, all designed for easy access.See less",,https://chromewebstore.google.com/detail/fagbbnknmeojjbipphbenddhfohilfca?hl=en,https://lh3.googleusercontent.com/Kjq3tc_VEP8ZIm4lQoGb8dB2jxIi4NjLb1eEJDQLoqBOnGbe-UbO6sgezUbnVecWEhbM-EAHIrS9pUIZJA6UZKq8=s128-rj-sc0x00ffffff,"UpdatedMay 19, 2025",,,0.257,2026-06-01,below_popularity_thresholds
cws:fbmmccakeppbphccgngalgbiakcnelcj,ChromeWS,fbmmccakeppbphccgngalgbiakcnelcj,streak-tracker_chromews,Streak Tracker,Non-traderThis developer has not identified itself as a trader. For consumers in the European Union,Extension,,0.0,,,,Free,"OverviewCreate multiple streaks and let them update automatically every hour or every day.Streak Tracker helps you build and maintain daily habits like reading, coding, or working out. Create multiple streaks and track your progress automatically every hour or every day. The extension provides a clean and simple interface to help you stay consistent and motivated. No unnecessary features — just a fast and minimal habit tracker focused on productivity.",,https://chromewebstore.google.com/detail/fbmmccakeppbphccgngalgbiakcnelcj?hl=en,https://lh3.googleusercontent.com/I2keW20pk_52CBN0pX4zrPWBx3ZrHUsjgbE57XZp152lnAD9EdDqSm9FtVYk5XlTqYgH2_Pxs8P8CrkcsR39kcKp2A=s128-rj-sc0x00ffffff,"UpdatedApril 16, 2026",,,0.343,2026-06-01,below_popularity_thresholds
cws:fkipnnpocljbidofnknhiolodpblagae,ChromeWS,fkipnnpocljbidofnknhiolodpblagae,calmwait_chromews,CalmWait,Non-traderThis developer has not identified itself as a trader. For consumers in the European Union,Extension,,0.0,,,,Free,"Overview在等待时正念呼吸🌸 Why We Created CalmWait Remember that feeling? After asking ChatGPT or Claude an important question, you stare at the screen for those few seconds, waiting. Your heart beats a little faster, your fingers tap the desk, and your mind starts to race: ""Will it give me the answer I want?"" ""Will the quality be any good this time?"" We've all felt this anxiety of waiting. As heavy AI users ourselves, we deeply understand that feeling of ""I know I just need to wait, but I can't control my nerves."" 💝 What CalmWait Does for You CalmWait isn't about changing the speed of AI; it's about changing your state of mind while you wait. While the AI is ""thinking,"" why not take a moment to breathe with it? Mindful Breathing Guide: As the AI begins to generate its response, a gentle breathing guide starts, turning your wait into a short, meditative moment. Perfect Timing: The guide automatically ends once the AI has finished its response, never interrupting your reading flow—just like a thoughtful friend. ADHD-Friendly Reading: Feeling overwhelmed by long responses? A dedicated line-by-line reading mode helps you digest the information at your own pace. 🤗 Why It's Worth Installing Not because it's powerful, but because it understands you. We ask AI countless questions every day, and each wait is a small emotional ripple. Instead of letting that time slip away in anxiety, why not transform it into the calmest moment of your day? CalmWait acts as a gentle buffer between you and the AI. It won't change your workflow or add any extra steps. It's just a quiet reminder when you need it most: ""Breathe. It's all going to be okay."" 🌱 Who Is It For? You, who use AI tools frequently for work. You, who get anxious while waiting for responses. You, who wish to integrate mindfulness into your daily routine. Our ADHD friends who want a better, less overwhelming reading experience. You, who believe that ""slowing down is the best way to move forward."" 💭 A Final Thought We live in a world that's moving faster and faster, where even a few seconds waiting for an AI feels like an eternity. But perhaps this is precisely when we most need to learn to slow down. CalmWait isn't a perfect product. It's a simple attempt to create a few moments for you to take a deep breath during your busy day. It may sound simple, but sometimes, the simplest things are the most precious. Install CalmWait, and turn waiting into a gentle practice. Works with Major AI Platforms: Whether you're using ChatGPT, Claude, or other popular AI chat tools, CalmWait integrates seamlessly to provide a consistent, calming experience. Our Promise: Completely free, with a deep respect for your privacy, and absolutely no ads.",,https://chromewebstore.google.com/detail/fkipnnpocljbidofnknhiolodpblagae?hl=en,https://lh3.googleusercontent.com/2thFgsAncVAmvCiaWjbDpeW9wqVvQQgCUwM_kAkanvK3RfyrJikAus0ZxSrT4Gx9-GkwYNy7aGZJ_eNIT-dczTCF=s128-rj-sc0x00ffffff,"UpdatedSeptember 25, 2025",,,0.429,2026-06-01,below_popularity_thresholds
cws:hjehmamimaedajeihalfciekkeklnfdl,ChromeWS,hjehmamimaedajeihalfciekkeklnfdl,flowlog-focus-todo_chromews,FlowLog Focus Todo,Non-traderThis developer has not identified itself as a trader. For consumers in the European Union,,,0.0,,,,Free,OverviewTask Management + Pomodoro Focus TimerFlowLog 专注清单 — 你的效率搭档 用更少的时间，做更多的事。FlowLog 将任务管理与番茄工作法完美融合，帮你清晰地规划每一天，专注地完成每一个任务。 ━━ 核心功能 ━━ 📋 智能任务管理 • 今日 / 明天 / 本周 / 已计划 / 已完成，多视图切换 • 清单分组、标签分类、子任务拆解、优先级排序 • 支持按日/工作日/每周自动重置的周期任务 🍅 番茄钟计时器 • 专注 / 短休息 / 长休息三模式自动切换 • 6 种沉浸式环境音效（海岸、细雨、篝火、山野、风、雷雨） • 桌面通知 + 计时结束铃音提醒 🎯 每日专注目标 • 番茄数环形进度条，直观显示今日完成进度 • 连续打卡日历，见证每一天的坚持 📊 统计与回顾 • 本周 / 月度番茄数据总览 • 专注时段热力图，找到最高效的时间段 • 历史番茄记录补录，不遗漏任何一段专注时光 🔒 数据安全 • 本地优先存储，永不丢失 • 登录账号后自动云端同步，多设备无缝衔接 ━━ 高级功能 ━━ ✓ 全部清单与标签系统 ✓ 每日番茄目标 + 连续打卡 ✓ 高级主题（8+ 套精选配色） ✓ 完整数据导出 ✓ 云端多设备同步 ━━ 为什么选择 FlowLog？ ━━ ✓ 无需复杂配置，打开即用 ✓ 数据完全私有，本地存储优先 ✓ 设计简洁克制，专注内容本身 ✓ 番茄钟与任务管理一体化，不用来回切换 立即开始，让每一天的专注都有迹可循。 支持：Chrome 浏览器（桌面端） 如有问题或建议，请联系：2593358095@qq.comSee less,,https://chromewebstore.google.com/detail/hjehmamimaedajeihalfciekkeklnfdl?hl=en,https://lh3.googleusercontent.com/3oOYo4u2mzpD650WMgVVH5i4VoMQVb89hL8HTZ6rVbixqIpvcf6fdfbxOHsFyqeqNY211vfLnlnpDI_nmYQrbTOP8PY=s128-rj-sc0x00ffffff,"UpdatedMay 26, 2026",,,0.6,2026-06-01,below_popularity_thresholds
cws:kandbgmjmplfhdcnneljhcojplmmljof,ChromeWS,kandbgmjmplfhdcnneljhcojplmmljof,rocket-planner_chromews,Rocket Planner,Non-traderThis developer has not identified itself as a trader. For consumers in the European Union,Extension,,0.0,,,,Free,"OverviewEPIC TASK PLANNERRocker Planner is the ultimate tool for planning and motivating your day with ease! This handy Chrome extension makes it simple to add and track your daily action items, so you can stay organized and focused on getting things done. 🚀 With Rocker Planner, you'll feel rewarded as you check off tasks and see your progress in real-time. Say goodbye to scattered to-do lists and hello to a streamlined, efficient workflow. 🔥 Here's why Rocker Planner is the go-to choice for task management: 👉 Easy organization: Simply add your tasks for the day and keep them all in one place for quick reference. 👉 Website integration: Add websites as action items to visit later, so you can stay productive while browsing the web. 👉 Seamless task completion: Mark tasks as complete with just a click, and watch your progress accumulate. 👉 Action progress tracking: Get a clear view of your daily progress and stay motivated to accomplish more. Rocker Planner also ensures the security and convenience of your task list with features like Chrome storage for safekeeping, context menu integration for quick task addition, tabs retrieval for easy website-to-task conversion, and remote code integration for a smooth user experience. Boost your productivity and make the most of your day with Rocker Planner. Let's take action and conquer your to-do list like a rockstar!See less",,https://chromewebstore.google.com/detail/kandbgmjmplfhdcnneljhcojplmmljof?hl=en,https://lh3.googleusercontent.com/qrcHebQPAugqR7h_crNh5ubhwVi3E_52M-hehXZD8W-GWfmpP_eaIhDht4k7bI4qMB9tW5v_4z7YTH8O2XzrmZMqcg=s128-rj-sc0x00ffffff,"UpdatedApril 26, 2023",,,0.257,2026-06-01,below_popularity_thresholds
cws:nepceekfpcaldmdjdbhkndnaboppccnm,ChromeWS,nepceekfpcaldmdjdbhkndnaboppccnm,360-thinking-plan-ahead-calendar_chromews,360 Thinking Plan-Ahead Calendar,TraderThis developer has identified itself as a trader per the definition from the European Union and committed to only offer products or services that comply with EU laws.,Extension,,0.0,,,,Free,"OverviewSticky-note calendar for executive function planning. Drag steps to days. Syncs to Google Calendar.Built for students with executive function challenges — and the parents, therapists, and educators who support them. The 360 Thinking Plan-Ahead Calendar turns long-term project planning into something visual, tactile, and motivating. It's the digital version of the sticky-note method Sarah Ward and Kristen Jacobsen have been teaching for years through Cognitive Connections. HOW IT WORKS ✏️ Click ""+ New sticky"" and brainstorm every step of a project. They land in a ""STOP and See the Steps"" parking lot at the top. 📅 Drag each step onto a day on the calendar. Set a deadline so you can plan backwards from the due date. ⏱️ Mini analog clocks show the volume of time each step needs — making time visible the way Sarah teaches. 🔄 Drag stickies to a new day if plans change. Forward moves count as PUSHED — procrastination made visible. Moving earlier is celebrated as a self-correction. ✅ Tick off completed steps. Confetti when a project is done. 🎨 Color-code multiple projects (Latin test = blue, History project = pink) and see each project's progress at a glance. WORKS WITH GOOGLE CALENDAR Every sticky and deadline saves as a real Google Calendar event — visible on your phone, computer, anywhere you already use Google Calendar. Nothing lives on a third-party server. PRIVACY Your calendar data stays in your own Google account. We don't store, log, or share anything. Revoke access anytime at myaccount.google.com/permissions. Built by Cognitive Connections.See less",,https://chromewebstore.google.com/detail/nepceekfpcaldmdjdbhkndnaboppccnm?hl=en,https://lh3.googleusercontent.com/zrKjuvIkL8Hr_ibTR9Oq86mJu_Z5c21X07CGri0PcVpCkDZ1DRdMuwqDhe-pHXjnD3oFbKr8hffTkiQBF_RDSsMp=s128-rj-sc0x00ffffff,"UpdatedMay 8, 2026",,,0.257,2026-06-01,"below_popularity_thresholds,not_focus_adhd_productivity_competitor"
cws:ojbpnjemkpmdfoiagiliemeelfgmglbn,ChromeWS,ojbpnjemkpmdfoiagiliemeelfgmglbn,wheel-of-life-daily-planner-visual-task-manager_chromews,Wheel of Life & Daily Planner - Visual Task Manager,Non-traderThis developer has not identified itself as a trader. For consumers in the European Union,Extension,,0.0,,,,Free,"OverviewBalance your life and plan your day visually. Use Wheel of Life, circular daily planner, and task manager to stay focused.### **Wheel of Life Task Planner – Balance & Daily Focus Tool with Sidebar",,https://chromewebstore.google.com/detail/ojbpnjemkpmdfoiagiliemeelfgmglbn?hl=en,https://lh3.googleusercontent.com/6ymOuV5mJQ2fgfc_Y5z4S49TZMX3LCJQnn-eVXdJvWD1ptO671Eaw2oayUSGSkcKdZWzDBI6ZHpBHzs66_l1LEoDjw=s128-rj-sc0x00ffffff,"UpdatedMay 11, 2026",,,0.171,2026-06-01,below_popularity_thresholds
cws:pheglpcfodadgmhfmeglkamnoigidklf,ChromeWS,pheglpcfodadgmhfmeglkamnoigidklf,h2o-reminder-water-intake-tracker-hydration-alarm_chromews,H2O Reminder: Water Intake Tracker & Hydration Alarm,Non-traderThis developer has not identified itself as a trader. For consumers in the European Union,Extension,,0.0,,,,Free,"OverviewBoost your hydration with smart water intake reminders, intake tracking, and progress visualization.H2O Reminder is a powerful and easy-to-use water tracker and hydration reminder app designed to help you build healthy hydration habits. In today’s busy lifestyle, many people forget to drink enough water during the day. H2O Reminder ensures you stay hydrated with smart reminders, customizable notifications, and detailed hydration tracking. Whether you are working, exercising, studying, or relaxing at home, H2O Reminder helps you maintain the right daily water intake for better health and energy. Smart Hydration Reminders H2O Reminder sends customizable water reminders that help you drink water at the right time throughout the day. You can personalize reminder intervals, notification sounds, and schedules so the app fits perfectly into your daily routine. Never forget to drink water again with intelligent hydration notifications designed to support consistent habits. Advanced Water Intake Tracker Track your daily hydration with an easy and visually engaging water intake tracker. Monitor your progress using detailed charts and statistics that show your hydration trends over time. Features include: • Daily water intake tracking • Weekly and monthly hydration statistics • Visual progress charts • Personalized daily water goals This helps you clearly understand your hydration habits and improve them over time. Personalized Daily Water Goals H2O Reminder calculates your recommended daily water intake based on your personal profile. This makes it easier to stay on track with the right hydration level for your body. Maintaining proper hydration supports: • Improved energy levels • Better digestion • Healthier skin • Enhanced physical performance The app makes hydration simple and automated. Gamified Hydration Experience Unlike basic water tracking apps, H2O Reminder introduces gamification features that keep you motivated. You can: • Level up your hydration progress • Stay consistent with daily achievements This turns a simple habit into an engaging daily routine. Motivational Quotes for Daily Inspiration Stay motivated with curated daily quotes designed to encourage positive habits and consistent hydration. These reminders help keep your health goals on track throughout the day. Modern and User-Friendly Design H2O Reminder features a clean and modern interface designed for simplicity and ease of use. Tracking your water intake becomes quick, intuitive, and enjoyable. The streamlined design allows you to log water quickly, check progress instantly, and manage reminders with minimal effort. Why Choose H2O Reminder H2O Reminder combines hydration tracking, customizable water reminders, and motivational tools into a single powerful app. It is ideal for anyone who wants: • A reliable water reminder app • An accurate hydration tracker • Personalized daily water goals • Smart hydration notifications • Clear progress statistics Join thousands of users who have improved their health and hydration habits with H2O Reminder. Download H2O Reminder today and take control of your daily water intake with one of the most customizable hydration reminder apps available.See less",,https://chromewebstore.google.com/detail/pheglpcfodadgmhfmeglkamnoigidklf?hl=en,https://lh3.googleusercontent.com/ErCahbP23GsZcNgckX3ApBLsZ7YmKa6fdPolKKaume3gD6-ZnY15sTtIXl-yv4XvATDm510Z4ZfBjyONEpDVZeSG=s128-rj-sc0x00ffffff,"UpdatedMarch 12, 2026",,,0.429,2026-06-01,below_popularity_thresholds
