app_key,accountability,block_removal,calendar_scheduling,custom_rules,emergency_access,goal_advancement,goal_planning,habit_analytics,habit_reminders,habit_tracking,notes_knowledge,override_friction,prioritisation,project_planning,reward_punishment,routine_builder,scheduling,self_tracking,streaks,task_management,time_blocking
cws:aacicogfahcdijddomfbninhjjbainjb,0,0,0,0,0,0,0,0,0,0,0,0,0,0,0,0,1,1,0,0,0
cws:aagckeangbhdegepjkmihamjggeflipg,0,1,0,0,0,0,0,0,0,0,0,0,0,0,0,0,0,0,0,0,0
cws:aapcigpegmhncjofolnjdibbimmegdpo,0,1,0,0,0,0,0,0,0,0,0,0,0,0,0,0,0,0,0,0,0
cws:abdnkmgdhnphfalgmpjcfoagkbhaemho,0,0,0,0,0,0,0,0,0,0,0,0,0,0,0,0,0,0,0,0,0
cws:acjicnehenlkmfnfpbjbpfnjegbelbpj,0,1,0,0,0,1,0,0,0,0,0,0,0,0,1,0,0,1,0,0,0
cws:ahmapmilbkfamljbpgphfndeemhnajme,0,0,0,0,0,0,0,0,0,0,0,0,0,0,0,0,0,0,0,0,0
cws:ajfnijfldjjdnahcfophikekeinkcjkh,0,0,0,0,0,0,0,0,0,0,0,0,0,0,0,0,0,0,0,0,0
cws:akkeocgaabiepmmmnjbjejefaigeabco,0,1,0,0,0,0,0,0,0,0,0,0,0,0,0,0,0,0,0,0,0
cws:amjhcaicehjnnfjdpopgomhaeabjmkml,0,1,0,0,0,1,0,0,0,0,0,0,0,0,0,0,0,1,0,0,0
cws:andkpmfpmmfbnlbjjnkibmipcocccnpn,0,0,0,0,0,0,0,0,0,0,0,0,0,0,0,0,0,0,0,0,0
cws:aoabjfoanlljmgnohepbkimcekolejjn,0,1,0,0,0,0,0,0,0,0,0,0,0,0,0,0,0,0,0,0,0
cws:baefifnjmlmfcdkmbkdbjiijlpggkoic,0,0,0,0,0,1,0,0,0,0,0,0,0,0,0,0,0,1,0,0,0
cws:bebhefcdgigdmaalghmfldlpnlihgagh,0,1,0,0,0,0,0,0,0,0,0,0,0,0,0,0,0,0,0,0,0
cws:beonelencefgcankelbahlicbelpimbj,0,0,0,0,0,0,0,0,0,0,0,0,0,0,0,0,0,0,0,0,0
cws:bilbbamlcngpnbigcimcomgfdfjpgalb,0,0,0,0,0,1,0,0,0,0,0,0,0,0,0,0,0,1,0,0,0
cws:bmgapafjmieapnakkcjecbjjmhjjkjdh,0,1,0,0,0,1,0,0,0,0,0,0,0,0,1,0,0,1,0,0,0
cws:bnhoohnpacahbpomggeekbiijpmphoan,0,0,0,0,0,1,0,0,0,0,0,0,0,0,0,0,0,0,0,0,0
cws:bnmlbplkbmonkmbgacnhpnagedpehhbh,0,0,0,0,0,0,0,0,0,0,0,0,0,0,0,0,0,0,0,0,0
cws:bojgfojkbefkdapljkgknamfhfkpjddf,0,1,0,0,0,0,0,0,0,0,0,0,0,0,1,0,0,1,0,0,0
cws:cidlnonacebcdekahbbknnmkbclhodnc,0,0,0,0,0,0,0,0,0,0,0,0,0,0,0,0,0,0,0,0,0
cws:ckfejoidaicoaiacpegjindigbllohie,0,0,0,0,0,0,0,0,0,0,0,0,0,0,1,0,0,1,0,0,0
cws:cnnanfhnjndfhjofabppgccbnplioggm,0,1,0,0,0,0,0,0,0,0,0,0,0,0,0,0,0,0,0,0,0
cws:dbhddnbkappldeffnjacgmgddeckkpbg,0,1,0,0,0,1,0,0,0,0,0,0,0,0,1,0,0,1,0,0,0
cws:ddgpmapoeniaajondpdgpkoopodpecid,0,1,0,0,0,0,0,0,0,0,0,0,0,0,0,0,0,0,0,0,0
cws:dhooahmpdcmdnjbdedfhhopjdboeniih,0,1,0,1,0,0,0,0,0,0,0,0,0,0,1,0,1,1,0,0,0
cws:djlcaojjlpkmbibdmbineghpdfdfkdel,0,0,0,0,0,0,0,0,0,0,0,0,0,0,0,0,0,0,0,0,0
cws:dmbalohccebhfhnadejgcpikngacbfek,0,0,0,0,0,1,0,0,0,0,0,0,0,0,0,0,0,1,0,0,0
cws:dmhkalipldojecjggjindleobbfhbahj,0,0,0,0,0,1,0,0,0,0,0,0,0,0,0,0,1,0,0,0,0
cws:dpfofggmkhdbfcciajfdphofclabnogo,0,1,0,0,0,0,0,0,0,0,0,0,0,0,0,0,0,0,0,0,0
cws:dplfndmflhcoiobjccmdoclbcahfeoij,0,1,0,0,0,0,0,0,0,0,0,0,0,0,0,0,0,0,0,0,0
cws:efkdgnehbfibggfibkcihjkdajdnjmng,0,0,0,0,0,0,0,0,0,0,0,0,0,0,0,0,0,0,0,0,0
cws:ehjjfofjnfhalaleelhbjjellbfhbfgm,0,0,0,0,0,0,0,0,0,0,0,0,0,0,0,0,0,0,0,0,0
cws:eihjgbfgjkbgdhaldhppomcodpefgecd,0,0,0,0,0,1,0,0,0,0,0,0,0,0,1,0,0,0,0,0,0
cws:ejgemnelnfkihiadpbfneghconekmcbd,0,1,0,0,0,1,0,0,0,0,0,0,0,0,0,0,0,1,0,0,0
cws:eoaadhjniegbmpgooeflmdfonmaajpcp,0,0,0,0,0,1,0,0,0,0,0,0,0,0,0,0,0,1,0,0,0
cws:eopnbfdedknpnlgcbeafohkkkgahpcgo,0,1,0,0,0,1,0,0,0,0,0,0,0,0,1,0,0,1,0,0,0
cws:famfkafckbmdnbnhjomagngmncfjjlee,0,1,0,0,0,0,0,0,0,0,0,0,0,0,0,0,0,0,0,0,0
cws:femnahohginddofgekknfmaklcbpinkn,0,1,0,0,0,0,0,0,0,0,0,0,0,0,0,0,0,0,0,0,0
cws:fgaaffhjdmhlhdmmigjpjepflplblgam,0,0,0,0,0,1,0,0,0,0,0,0,0,0,0,0,0,1,0,0,0
cws:fgdbgpogmjcfhbifhhongdeidnnmnadb,0,1,0,0,0,0,0,0,0,0,0,0,0,0,0,0,0,0,0,0,0
cws:fgkkmokgpilcfageadkabpfcolkddefk,0,0,0,0,0,0,0,0,0,0,0,0,0,0,0,0,0,1,0,0,0
cws:fhibnoojcpppgnhmflbejbdenpllndai,0,0,0,0,0,1,0,0,0,0,0,0,0,0,0,0,0,1,0,0,0
cws:fifbgboiihlbnmgcjpdbeeaaemnlgnoh,0,1,0,0,0,0,0,0,0,0,0,0,0,0,0,0,0,0,0,0,0
cws:fmlkbhlcpkkgndjjmlbgdhkojokiechg,0,1,0,0,0,1,0,0,0,0,0,0,0,0,0,0,0,1,0,0,0
cws:gefaddaengbodpiobpbgblajdboalmgc,0,1,0,0,0,0,0,0,0,0,0,0,0,0,0,0,0,0,0,0,0
cws:gigiekecpijokpijbabheahcnpfchhga,0,1,0,0,0,0,0,0,0,0,0,0,0,0,0,0,0,0,0,0,0
cws:gmdaagomicigmgadngfallebccknddhd,0,0,0,0,0,0,0,0,0,0,0,0,0,0,0,0,0,0,0,0,0
cws:gmmcoggmjnbbklphjcbnpfepmagelgkk,0,0,0,0,0,0,0,0,0,0,0,0,0,0,0,0,0,1,0,0,0
cws:gnjnoncblhhofbhekoogfohpppkbiclo,0,1,0,0,0,1,0,0,0,0,0,0,0,0,0,0,0,1,0,0,0
cws:gpiakngfngdkcbgggpahcpokomckjnka,0,0,0,0,0,0,0,0,0,0,0,0,0,0,0,0,0,0,0,0,0
cws:hcelgfllhjoilpbohioepjnbmgkefaen,0,1,0,0,0,0,0,0,0,0,0,0,0,0,0,0,0,0,0,0,0
cws:hchpbgikdjjaecnpjigpbemfpklenjbk,0,1,0,0,0,0,0,0,0,0,0,0,0,0,0,0,0,0,0,0,0
cws:hddclpebfglijbmapdjminkkcafchkmb,0,1,0,0,0,0,0,0,0,0,0,0,0,0,0,0,0,0,0,0,0
cws:hdndbhnidlhphocggjbhdpeeaiehmadh,0,0,0,0,0,0,0,0,0,0,0,0,0,0,1,0,0,1,0,0,0
cws:heiociebkegcmkeagfhjegdklidfdidd,0,0,0,0,0,0,0,0,0,0,0,0,0,0,0,0,0,0,0,0,0
cws:hgbhmfckkljdpebjaafmhaidboijiflp,0,0,0,0,0,1,0,0,0,0,0,0,0,0,0,0,0,1,0,0,0
cws:hljpnbabhaomedbbpmknmhjmbbhbgnod,0,1,0,0,0,1,0,0,0,0,0,0,0,0,0,0,0,0,0,0,0
cws:hllblboekpocmhbkkhdekeldnphdpmlk,0,1,0,0,0,0,0,0,0,0,0,0,0,0,0,0,0,0,0,0,0
cws:hlnfaecadmhdahdicpegeahkjchclojl,0,1,0,0,0,0,0,0,0,0,0,0,0,0,0,0,0,0,0,0,0
cws:ifdepgnnjpnbkcgempionjablajancjc,0,1,0,1,0,1,0,0,0,0,0,1,0,0,0,0,1,0,0,0,0
cws:iijpilnaolaphiljcinklmdlgdhdokia,0,1,0,0,0,1,0,0,0,0,0,0,0,0,0,0,0,1,0,0,0
cws:ipdhikeonhhnphaffliobbkdepniggil,0,1,0,0,0,0,0,0,0,0,0,0,0,0,0,0,0,0,0,0,0
cws:ipggcbohndbcegepmgmkdapggbilhmee,0,0,0,0,0,0,0,0,0,0,0,0,0,0,0,0,0,0,0,0,0
cws:jdbliieklfhihjpmhhekcoldpcemlafj,0,1,0,0,0,0,0,0,0,0,0,0,0,0,0,0,0,0,0,0,0
cws:jdgkhgoanhhnileehaipfpffmnfiiibh,0,0,0,0,0,0,0,0,0,0,0,0,0,0,0,0,0,0,0,0,0
cws:jemdldabgmbndebknjpdoeamckbliobm,0,1,0,0,0,1,0,0,0,0,0,0,0,0,1,0,0,1,0,0,0
cws:jfgclifcjffpgeeonldlmfkipgjnbcai,0,1,0,0,0,1,0,0,0,0,0,0,0,0,0,0,1,1,0,0,0
cws:jmdmoiflcdfmpemlhjdlfomobdcdmfai,0,1,0,0,0,0,0,0,0,0,0,0,0,0,0,0,0,0,0,0,0
cws:jncfngnkpganmjmdgneaochohoejalin,0,0,0,0,0,1,0,0,0,0,0,0,0,0,0,0,1,1,0,0,0
cws:jpafaidkicnfcohbcfegbokibbghpnee,0,1,0,0,0,0,0,0,0,0,0,0,0,0,0,0,1,1,0,0,0
cws:jplackcnmigbganpfbkghkinkbhpgnpg,0,1,0,0,0,0,0,0,0,0,0,0,0,0,0,0,0,0,0,0,0
cws:kgbhcpefflhkcfjphgmjncmhdgegddaa,0,1,0,0,0,0,0,0,0,0,0,0,0,0,0,0,0,0,0,0,0
cws:kgehdpikfeppnmjeoklagcpmjhbdhokl,0,0,0,0,0,0,0,0,0,0,0,0,0,0,0,0,0,0,0,0,0
cws:kglcjphcooleepabaanldpogbgfiioio,0,0,0,0,0,0,0,0,0,0,0,0,0,0,0,0,0,0,0,0,0
cws:kjacjjdnoddnpbbcjilcajfhhbdhkpgk,0,0,0,0,0,0,0,0,0,0,0,0,0,0,1,0,0,0,0,0,0
cws:kmknalpaghkffobnpnepdlggelbpgifp,0,1,0,0,0,1,0,0,0,0,0,0,0,0,0,0,0,1,0,0,0
cws:kniediipngcpmbmpeacaoinhoeipfina,0,1,0,0,0,0,0,0,0,0,0,0,0,0,0,0,0,0,0,0,0
cws:knoibfcfmbijcbemjoiajedddjcekcfh,0,1,0,0,0,1,0,0,0,0,0,0,0,0,0,0,0,1,0,0,0
cws:kobdkbiaocipojejmmfpanehieloahpd,0,1,0,0,0,0,0,0,0,0,0,0,0,0,0,0,0,1,0,0,0
cws:lbajmocmhedhaaiiammglajpagbdaeeh,0,0,0,0,0,0,0,0,0,0,0,0,0,0,0,0,0,1,0,0,0
cws:lebiggkccaodkkmjeimmbogdedcpnmfb,0,1,0,0,0,0,0,0,0,0,0,0,0,0,0,0,0,0,0,0,0
cws:lfbpllmokmhinnopfchemobgglipfini,0,1,0,0,0,0,0,0,0,0,0,0,0,0,0,0,0,0,0,0,0
cws:lkicfohpijhcaahdmianhgjglifhlmge,0,1,0,0,0,1,0,0,0,0,0,0,0,0,0,0,0,1,0,0,0
cws:llogngooedgefajjngomcpbjejcehiei,0,1,0,0,0,0,0,0,0,0,0,0,0,0,0,0,0,0,0,0,0
cws:lmhigafnplnkcajndfikkgmbmnlhpomm,0,0,0,0,0,0,0,0,0,0,0,0,0,0,0,0,0,0,0,0,0
cws:lmkabfnhejcjipkccmgphkhmakokeadk,0,0,0,0,0,0,0,0,0,0,0,0,0,0,0,0,0,0,0,0,0
cws:mfokmjkehphfjpglcpfgdfohpjmpdikb,0,0,0,0,0,0,0,0,0,0,0,0,0,0,0,0,0,1,0,0,0
cws:mjlpmgalhhdeeabfncllajdlkmgbppnk,0,0,0,0,0,0,0,0,0,0,0,0,0,0,0,0,0,1,0,0,0
cws:mnipihpddbmlpcklhpfamejbeldiclkc,0,0,0,0,0,0,0,0,0,0,0,0,0,0,0,0,0,0,0,0,0
cws:nanjaegameeoomamnliimipmmfabdngd,0,0,0,0,0,1,0,0,0,0,0,0,0,0,0,0,0,0,0,0,0
cws:ncaaipdfhdijmfdfmeoagmogddhkfdec,0,1,0,0,0,0,0,0,0,0,0,0,0,0,0,0,0,0,0,0,0
cws:ngboiiifeoioghodfglighnahefnjbib,0,1,0,0,0,1,0,0,0,0,0,0,0,0,1,0,0,1,0,0,0
cws:ngceodoilcgpmkijopinlkmohnfifjfb,0,0,0,0,0,1,0,0,0,0,0,0,0,0,0,0,0,1,0,0,0
cws:ngdnagmkbllpeiihbiojaeiopffnknna,0,0,0,0,0,0,0,0,0,0,0,0,0,0,0,0,0,1,0,0,0
cws:nhoiajdbcfmpddgakbhjljacldalbfdo,0,1,0,0,0,0,0,0,0,0,0,0,0,0,0,0,1,1,0,0,0
cws:niobhkibappdoakflmihhobagcdfimhi,0,0,0,0,0,1,0,0,0,0,0,0,0,0,0,0,0,1,0,0,0
cws:njboofjpggbholgpjkdllgnancfangoo,0,0,0,0,0,0,0,0,0,0,0,0,0,0,0,0,0,1,0,0,0
cws:nncbanjglhbgeilnlmoeemmbmbigmabe,0,0,0,0,0,0,0,0,0,0,0,0,0,0,0,0,0,1,0,0,0
cws:nognbljbdjgcnimgimlpaginadeiiefe,0,0,0,0,0,0,0,0,0,0,0,0,0,0,0,0,0,0,0,0,0
cws:oaloflofefcednelnfdbehkgccnmbnda,0,1,0,0,0,0,0,0,0,0,0,0,0,0,0,0,0,0,0,0,0
cws:ocaajdaaekpmopddjnobakkpkemeggmk,0,0,0,0,0,0,0,0,0,0,0,0,0,0,0,0,0,0,0,0,0
cws:ochfcccdpicgmcbnlppcpladnbifhmdm,0,0,0,0,0,1,0,0,0,0,0,0,0,0,1,0,0,1,0,0,0
cws:odhelkeplfnhfobhdhjjaaebndmfomjm,0,0,0,0,0,1,0,0,0,0,0,0,0,0,0,0,0,0,0,0,0
cws:odjmobnhfambobinhahdilkodkiapjji,0,1,0,0,0,1,0,0,0,0,0,0,0,0,0,0,0,0,0,0,0
cws:odlchholdefemjnkakoejacenfmkmkgi,0,1,0,0,0,0,0,0,0,0,0,0,0,0,0,0,0,0,0,0,0
cws:ofmanejijbcohgebmdfacglmhemiifca,0,1,0,0,0,0,0,0,0,0,0,0,0,0,0,0,0,0,0,0,0
cws:ogjmohkdfhbogmokhbgphnmkmiilfkce,0,0,0,0,0,1,0,0,0,0,0,0,0,0,0,0,0,1,0,0,0
cws:pecaajdaecdmikcgfdgldcofdebhfbgo,0,1,0,0,0,1,0,0,0,0,0,0,0,0,0,0,0,1,0,0,0
cws:pfbgmmjloigajfgnfmgmdbafaedpmlml,0,0,0,0,0,0,0,0,0,0,0,0,0,0,0,0,0,0,0,0,0
cws:pmidogkmlinflaheifgepebnajobhkoi,0,0,0,0,0,0,0,0,0,0,0,0,0,0,0,0,0,0,0,0,0
ios:id1044132525,0,0,0,0,0,1,0,0,0,0,0,0,0,0,1,0,0,1,0,0,0
ios:id1077776989,0,0,0,0,0,0,0,0,0,0,0,0,0,0,0,0,0,1,0,0,0
ios:id1083376166,0,0,0,0,0,1,0,0,0,0,0,0,0,0,0,0,0,1,0,0,0
ios:id1095742214,0,0,0,0,0,1,0,0,0,0,0,0,0,0,0,0,0,1,0,0,0
ios:id1110684238,0,0,0,0,0,0,0,0,0,0,0,0,0,0,0,0,0,0,0,0,0
ios:id1117766356,0,1,0,0,0,0,0,0,0,0,0,0,0,0,1,0,0,1,0,0,0
ios:id1118406319,0,0,0,0,0,0,0,0,0,0,0,0,0,0,0,0,0,0,0,0,0
ios:id1207505588,0,0,0,0,0,0,0,0,0,0,0,0,0,0,0,0,0,0,0,0,0
ios:id1220720718,0,0,0,0,0,1,0,0,0,0,0,0,0,0,0,0,0,1,0,0,0
ios:id1224121850,0,0,0,0,0,0,0,0,0,0,0,0,0,0,0,0,0,0,0,0,0
ios:id1239133490,0,0,0,0,0,0,0,0,0,0,0,0,0,0,0,0,0,0,0,0,0
ios:id1239520314,0,0,0,0,0,0,0,0,0,0,0,0,0,0,0,0,0,0,0,0,0
ios:id1241839696,0,0,0,0,0,0,0,0,0,0,0,0,0,0,0,0,0,0,0,0,0
ios:id1265128036,0,0,0,0,0,1,0,0,0,0,0,0,0,0,0,0,1,1,0,0,0
ios:id1308275296,0,0,0,0,0,0,0,0,0,0,0,0,0,0,0,0,0,1,0,0,0
ios:id1312926037,0,1,0,0,0,1,0,0,0,0,0,0,0,0,1,0,0,1,0,0,0
ios:id1326310617,0,0,0,0,0,1,0,0,0,0,0,0,0,0,0,0,0,1,0,0,0
ios:id1346247457,0,0,0,0,0,0,0,0,0,0,0,0,0,0,0,0,0,0,0,0,0
ios:id1361356590,0,0,0,0,0,0,0,0,0,0,0,0,0,0,0,0,0,0,0,0,0
ios:id1367871279,0,1,0,0,0,1,0,0,0,0,0,0,0,0,1,0,0,0,0,0,0
ios:id1400641344,0,1,0,0,0,1,0,0,0,0,0,0,0,0,0,0,0,1,0,0,0
ios:id1423210932,0,1,0,0,0,0,0,0,0,0,0,0,0,0,0,0,0,1,0,0,0
ios:id1423245975,0,0,0,0,0,0,0,0,0,0,0,0,0,0,0,0,0,1,0,0,0
ios:id1435127190,0,0,0,0,0,1,0,0,0,0,0,0,0,0,0,0,1,1,0,0,0
ios:id1436994560,0,0,0,0,0,0,0,0,0,0,0,0,0,0,0,0,0,0,0,0,0
ios:id1438388363,0,0,0,0,0,1,0,0,0,0,0,0,0,0,0,0,0,1,0,0,0
ios:id1451398751,0,0,0,0,0,1,0,0,0,0,0,0,0,0,0,0,0,1,0,0,0
ios:id1458639178,0,0,0,0,0,0,0,0,0,0,0,0,0,0,0,0,0,0,0,0,0
ios:id1471458198,0,1,0,0,0,1,0,0,0,0,0,0,0,0,0,0,0,0,0,0,0
ios:id1474170096,0,0,0,0,0,0,0,0,0,0,0,0,0,0,0,0,0,0,0,0,0
ios:id1478345385,0,0,0,0,0,1,0,0,0,0,0,0,0,0,1,0,0,1,0,0,0
ios:id1478757472,0,1,0,0,0,1,0,0,0,0,0,0,0,0,0,0,0,1,0,0,0
ios:id1480220328,0,0,0,0,0,1,0,0,0,0,0,0,0,0,0,0,1,1,0,0,0
ios:id1488575394,0,0,0,0,0,1,0,0,0,0,0,0,0,0,0,0,0,1,0,0,0
ios:id1493474157,0,0,0,0,0,0,0,0,0,0,0,0,0,0,0,0,0,1,0,0,0
ios:id1494966346,0,1,0,0,0,1,0,0,0,0,0,0,0,0,1,0,0,1,0,0,0
ios:id1496929203,0,0,0,0,0,1,0,0,0,0,0,0,0,0,0,0,0,0,0,0,0
ios:id1499198946,0,0,0,0,0,1,0,0,0,0,0,0,0,0,0,0,1,1,0,0,0
ios:id1504771089,0,1,0,0,0,1,0,0,0,0,0,0,0,0,1,0,0,1,0,0,0
ios:id1521432881,0,1,0,0,0,1,0,0,0,0,0,0,0,0,0,0,0,1,0,0,0
ios:id1528322796,0,0,0,1,0,0,0,0,0,0,0,0,0,0,1,0,0,1,0,0,0
ios:id1541027222,0,1,0,0,0,1,0,0,0,0,0,0,0,0,1,0,0,1,0,0,0
ios:id1542448354,0,0,0,0,0,1,0,0,0,0,0,0,0,0,0,0,1,1,0,0,0
ios:id1543547997,0,1,0,0,0,0,0,0,0,0,0,0,0,0,0,0,0,0,0,0,0
ios:id1544318075,0,0,0,0,0,0,0,0,0,0,0,0,0,0,0,0,0,0,0,0,0
ios:id1547137474,0,0,0,0,0,1,0,0,0,0,0,0,0,0,0,0,0,1,0,0,0
ios:id1548846593,0,0,0,0,0,0,0,0,0,0,0,0,0,0,0,0,0,1,0,0,0
ios:id1552913719,0,0,0,0,0,0,0,0,0,0,0,0,0,0,0,0,0,0,0,0,0
ios:id1559730367,0,0,0,0,0,0,0,0,0,0,0,0,0,0,1,0,0,1,0,0,0
ios:id1569534844,0,0,0,0,0,0,0,0,0,0,0,0,0,0,0,0,0,0,0,0,0
ios:id1570156834,0,0,0,0,0,0,0,0,0,0,0,0,0,0,0,0,0,0,0,0,0
ios:id1571604757,0,0,0,0,0,0,0,0,0,0,0,0,0,0,0,0,0,0,0,0,0
ios:id1571638750,0,1,0,0,0,0,0,0,0,0,0,0,0,0,0,0,0,0,0,0,0
ios:id1577836684,0,0,0,0,0,0,0,0,0,0,0,0,0,0,0,0,0,0,0,0,0
ios:id1581256145,0,1,0,0,0,0,0,0,0,0,0,0,0,0,1,0,0,0,0,0,0
ios:id1598883284,0,0,0,0,0,0,0,0,0,0,0,0,0,0,0,0,0,1,0,0,0
ios:id1603024803,0,1,0,0,0,0,0,0,0,0,0,0,0,0,0,0,0,0,0,0,0
ios:id1621897751,0,0,0,0,0,0,0,0,0,0,0,0,0,0,0,0,0,0,0,0,0
ios:id1627691759,0,1,0,0,0,0,0,0,0,0,0,0,0,0,1,0,0,1,0,0,0
ios:id1631132311,0,1,0,0,0,1,0,0,0,0,0,0,0,0,0,0,1,1,0,0,0
ios:id1631305261,0,1,0,0,0,1,0,0,0,0,0,0,0,0,1,0,0,0,0,0,0
ios:id1659162950,0,1,0,1,0,0,0,0,0,0,0,1,0,0,1,0,1,1,0,0,0
ios:id1663556775,0,1,0,0,0,1,0,0,0,0,0,0,0,0,0,0,0,1,0,0,0
ios:id1663997320,0,1,0,1,0,0,0,0,0,0,0,0,0,0,0,0,1,0,0,0,0
ios:id1667838757,0,0,0,0,0,1,0,0,0,0,0,0,0,0,0,0,1,1,0,0,0
ios:id1668064760,0,1,0,0,0,0,0,0,0,0,0,0,0,0,0,0,0,1,0,0,0
ios:id1670958524,0,0,0,0,0,1,0,0,0,0,0,0,0,0,0,0,0,1,0,0,0
ios:id1672653674,0,0,0,0,0,0,0,0,0,0,0,0,0,0,0,0,0,0,0,0,0
ios:id337472899,0,0,0,0,0,0,0,0,0,0,0,0,0,0,0,0,0,0,0,0,0
ios:id641433148,0,0,0,0,0,0,0,0,0,0,0,0,0,0,0,0,0,0,0,0,0
ios:id6444948863,0,0,0,0,0,0,0,0,0,0,0,0,0,0,0,0,0,0,0,0,0
ios:id6448771858,0,0,0,0,0,0,0,0,0,0,0,0,0,0,1,0,0,1,0,0,0
ios:id6449219142,0,1,0,1,0,0,0,0,0,0,0,0,0,0,0,0,1,1,0,0,0
ios:id6449302440,0,0,0,0,0,1,0,0,0,0,0,0,0,0,0,0,0,1,0,0,0
ios:id6450302677,0,0,0,0,0,1,0,0,0,0,0,0,0,0,1,0,1,1,0,0,0
ios:id6450726111,0,0,0,0,0,1,0,0,0,0,0,0,0,0,1,0,0,1,0,0,0
ios:id6451270257,0,1,0,0,0,1,0,0,0,0,0,0,0,0,1,0,0,1,0,0,0
ios:id6452190950,0,1,0,0,0,0,0,0,0,0,0,0,0,0,1,0,0,1,0,0,0
ios:id6453023919,0,0,0,0,0,0,0,0,0,0,0,0,0,0,0,0,0,1,0,0,0
ios:id6469763335,0,0,0,0,0,0,0,0,0,0,0,0,0,0,0,0,0,1,0,0,0
ios:id6477136445,0,1,0,0,0,1,0,0,0,0,0,0,0,0,1,0,0,1,0,0,0
ios:id6478087947,0,1,0,0,0,0,0,0,0,0,0,0,0,0,0,0,0,0,0,0,0
ios:id6480119395,0,1,0,0,0,1,0,0,0,0,0,0,0,0,0,0,0,1,0,0,0
ios:id6480333786,0,0,0,0,0,0,0,0,0,0,0,0,0,0,0,0,0,1,0,0,0
ios:id6480464509,0,0,0,0,0,0,0,0,0,0,0,0,0,0,0,0,0,0,0,0,0
ios:id6497405570,0,0,0,0,0,1,0,0,0,0,0,0,0,0,0,0,0,0,0,0,0
ios:id6499074349,0,0,0,0,0,0,0,0,0,0,0,0,0,0,0,0,0,0,0,0,0
ios:id6554001622,0,0,0,0,0,0,0,0,0,0,0,0,0,0,0,0,1,1,0,0,0
ios:id6605927206,0,0,0,0,0,0,0,0,0,0,0,0,0,0,0,0,0,1,0,0,0
ios:id6636516894,0,0,0,0,0,0,0,0,0,0,0,0,0,0,1,0,0,1,0,0,0
ios:id6642672538,0,1,0,0,0,1,0,0,0,0,0,0,0,0,0,0,0,1,0,0,0
ios:id6648771147,0,1,0,0,0,1,0,0,0,0,0,0,0,0,1,0,0,1,0,0,0
ios:id6670142175,0,0,0,0,0,0,0,0,0,0,0,0,0,0,0,0,0,1,0,0,0
ios:id6670217657,0,1,0,0,0,0,0,0,0,0,0,0,0,0,0,0,0,0,0,0,0
ios:id6702013134,0,1,0,0,0,0,0,0,0,0,0,0,0,0,1,0,0,1,0,0,0
ios:id6727013499,0,0,0,0,0,1,0,0,0,0,0,0,0,0,0,0,0,1,0,0,0
ios:id6736673615,0,1,0,0,0,1,0,0,0,0,0,0,0,0,1,0,0,1,0,0,0
ios:id6737131495,0,1,0,0,0,1,0,0,0,0,0,0,0,0,0,0,0,1,0,0,0
ios:id6737629792,0,0,0,0,0,0,0,0,0,0,0,0,0,0,1,0,0,1,0,0,0
ios:id6737814141,0,0,0,0,0,1,0,0,0,0,0,0,0,0,0,0,0,1,0,0,0
ios:id6737836744,0,1,0,0,0,1,0,0,0,0,0,0,0,0,0,0,0,1,0,0,0
ios:id6738607046,0,1,0,0,0,1,0,0,0,0,0,0,0,0,0,0,0,1,0,0,0
ios:id6739162439,0,0,0,0,0,0,0,0,0,0,0,0,0,0,0,0,0,1,0,0,0
ios:id6739214387,0,1,0,0,0,1,0,0,0,0,0,0,0,0,0,0,0,0,0,0,0
ios:id6739705407,0,1,0,0,0,0,0,0,0,0,0,0,0,0,0,0,1,0,0,0,0
ios:id6740179334,0,0,0,0,0,1,0,0,0,0,0,0,0,0,0,0,0,1,0,0,0
ios:id6740248579,0,0,0,0,0,0,0,0,0,0,0,0,0,0,1,0,0,1,0,0,0
ios:id6742068060,0,0,0,0,0,1,0,0,0,0,0,0,0,0,1,0,0,1,0,0,0
ios:id6742079522,0,1,0,0,0,0,0,0,0,0,0,0,0,0,0,0,0,0,0,0,0
ios:id6742278016,0,1,0,0,0,0,0,0,0,0,0,0,0,0,1,0,0,0,0,0,0
ios:id6742693841,0,0,0,0,0,0,0,0,0,0,0,0,0,0,0,0,0,1,0,0,0
ios:id6744065868,0,0,0,0,0,1,0,0,0,0,0,0,0,0,1,0,0,1,0,0,0
ios:id6744338972,0,1,0,0,0,1,0,0,0,0,0,0,0,0,1,0,1,1,0,0,0
ios:id6744464319,0,0,0,0,0,1,0,0,0,0,0,0,0,0,1,0,0,1,0,0,0
ios:id6745537010,0,1,0,0,0,0,0,0,0,0,0,0,0,0,0,0,0,0,0,0,0
ios:id6745751608,0,1,0,0,0,1,0,0,0,0,0,0,0,0,1,0,0,1,0,0,0
ios:id6746742596,0,1,0,0,0,1,0,0,0,0,0,0,0,0,1,0,0,0,0,0,0
ios:id6746946799,0,1,0,0,0,1,0,0,0,0,0,0,0,0,0,0,1,1,0,0,0
ios:id6747596495,0,1,0,0,0,0,0,0,0,0,0,0,0,0,1,0,0,1,0,0,0
ios:id6747712365,0,1,0,0,0,1,0,0,0,0,0,0,0,0,0,0,0,1,0,0,0
ios:id6747729586,0,1,0,0,0,0,0,0,0,0,0,0,0,0,0,0,0,0,0,0,0
ios:id6747844509,0,0,0,0,0,1,0,0,0,0,0,0,0,0,1,0,0,1,0,0,0
ios:id6747854926,0,0,0,0,0,0,0,0,0,0,0,0,0,0,0,0,0,0,0,0,0
ios:id6748028221,0,0,0,0,0,1,0,0,0,0,0,0,0,0,0,0,0,1,0,0,0
ios:id6748090198,0,0,0,0,0,0,0,0,0,0,0,0,0,0,0,0,0,1,0,0,0
ios:id6748564027,0,1,0,0,0,1,0,0,0,0,0,0,0,0,0,0,0,1,0,0,0
ios:id6751436315,0,1,0,0,0,0,0,0,0,0,0,0,0,0,0,0,0,0,0,0,0
ios:id6752571938,0,0,0,0,0,1,0,0,0,0,0,0,0,0,0,0,0,1,0,0,0
ios:id6752926119,0,0,0,0,0,1,0,0,0,0,0,0,0,0,1,0,0,1,0,0,0
ios:id6753786017,0,0,0,0,0,0,0,0,0,0,0,0,0,0,0,0,0,1,0,0,0
ios:id6754040756,0,1,0,0,0,0,0,0,0,0,0,0,0,0,0,0,0,1,0,0,0
ios:id6754052699,0,1,0,0,0,1,0,0,0,0,0,0,0,0,1,0,0,1,0,0,0
ios:id6754189283,0,0,0,0,0,0,0,0,0,0,0,0,0,0,1,0,0,1,0,0,0
ios:id6754192497,0,1,0,0,0,1,0,0,0,0,0,0,0,0,1,0,0,1,0,0,0
ios:id6754469745,0,1,0,0,0,1,0,0,0,0,0,0,0,0,1,0,0,1,0,0,0
ios:id6754793448,0,0,0,0,0,0,0,0,0,0,0,0,0,0,0,0,0,1,0,0,0
ios:id6755035635,0,0,0,0,0,0,0,0,0,0,0,0,0,0,1,0,0,1,0,0,0
ios:id6755039509,0,1,0,0,0,1,0,0,0,0,0,0,0,0,1,0,0,1,0,0,0
ios:id6755083524,0,0,0,0,0,0,0,0,0,0,0,0,0,0,0,0,0,1,0,0,0
ios:id6755708778,0,0,0,0,0,0,0,0,0,0,0,0,0,0,1,0,0,1,0,0,0
ios:id6755790741,0,0,0,0,0,0,0,0,0,0,0,0,0,0,1,0,0,1,0,0,0
ios:id6756179301,0,0,0,0,0,0,0,0,0,0,0,0,0,0,1,0,0,1,0,0,0
ios:id6756433110,0,1,0,0,0,0,0,0,0,0,0,0,0,0,0,0,0,0,0,0,0
ios:id6756443234,0,0,0,0,0,0,0,0,0,0,0,0,0,0,0,0,0,0,0,0,0
ios:id6756668632,0,0,0,0,0,0,0,0,0,0,0,0,0,0,0,0,0,0,0,0,0
ios:id6757204592,0,1,0,0,0,1,0,0,0,0,0,0,0,0,0,0,0,1,0,0,0
ios:id6758042278,0,1,0,0,0,1,0,0,0,0,0,0,0,0,1,0,1,1,0,0,0
ios:id6758457625,0,0,0,0,0,0,0,0,0,0,0,0,0,0,1,0,0,1,0,0,0
ios:id6758460973,0,1,0,0,0,0,0,0,0,0,0,0,0,0,0,0,0,1,0,0,0
ios:id6758624193,0,0,0,0,0,0,0,0,0,0,0,0,0,0,0,0,0,1,0,0,0
ios:id6758786811,0,1,0,0,0,1,0,0,0,0,0,0,0,0,0,0,0,1,0,0,0
ios:id6759063344,0,0,0,0,0,1,0,0,0,0,0,0,0,0,0,0,0,1,0,0,0
ios:id6759089977,0,0,0,0,0,1,0,0,0,0,0,0,0,0,1,0,0,1,0,0,0
ios:id6759154762,0,1,0,1,0,0,0,0,0,0,0,0,0,0,0,0,1,1,0,0,0
ios:id6759213973,0,0,0,0,0,0,0,0,0,0,0,0,0,0,1,0,0,1,0,0,0
ios:id6759234412,0,0,0,0,0,1,0,0,0,0,0,0,0,0,0,0,0,0,0,0,0
ios:id6759509390,0,0,0,0,0,0,0,0,0,0,0,0,0,0,0,0,0,0,0,0,0
ios:id6759646986,0,0,0,0,0,0,0,0,0,0,0,0,0,0,0,0,0,1,0,0,0
ios:id6759924022,0,0,0,0,0,0,0,0,0,0,0,0,0,0,0,0,0,1,0,0,0
ios:id6760048027,0,0,0,0,0,0,0,0,0,0,0,0,0,0,0,0,0,1,0,0,0
ios:id6760271163,0,1,0,0,0,1,0,0,0,0,0,0,0,0,0,0,0,1,0,0,0
ios:id6760372061,0,1,0,0,0,0,0,0,0,0,0,0,0,0,0,0,1,0,0,0,0
ios:id6761012725,0,1,0,0,0,1,0,0,0,0,0,0,0,0,1,0,0,1,0,0,0
ios:id6761393046,0,0,0,0,0,0,0,0,0,0,0,0,0,0,0,0,0,1,0,0,0
ios:id6761764732,0,0,0,0,0,0,0,0,0,0,0,0,0,0,0,0,0,1,0,0,0
ios:id6762177137,0,1,0,0,0,0,0,0,0,0,0,0,0,0,0,0,0,0,0,0,0
ios:id6762443613,0,0,0,0,0,0,0,0,0,0,0,0,0,0,0,0,0,1,0,0,0
ios:id6763792435,0,1,0,0,0,1,0,0,0,0,0,0,0,0,1,0,0,1,0,0,0
ios:id6764748112,0,0,0,0,0,0,0,0,0,0,0,0,0,0,1,0,0,1,0,0,0
ios:id6766637781,0,1,0,0,0,1,0,0,0,0,0,0,0,0,1,0,0,1,0,0,0
ios:id6767048994,0,0,0,0,0,0,0,0,0,0,0,0,0,0,0,0,0,1,0,0,0
ios:id733300214,0,0,0,0,0,0,0,0,0,0,0,0,0,0,0,0,1,1,0,0,0
ios:id925437228,0,0,0,0,0,0,0,0,0,0,0,0,0,0,0,0,0,0,0,0,0
ios:id941222646,0,0,0,0,0,0,0,0,0,0,0,0,0,0,0,0,0,0,0,0,0
ios:id953426154,0,0,0,0,0,1,0,0,0,0,0,0,0,0,0,0,0,1,0,0,0
ios:id964890124,0,1,0,0,0,1,0,0,0,0,0,0,0,0,1,0,0,1,0,0,0
ios:id966057213,0,0,0,0,0,1,0,0,0,0,0,0,0,0,0,0,1,1,0,0,0
ios:id966415847,0,0,0,0,0,0,0,0,0,0,0,0,0,0,0,0,0,1,0,0,0
ios:id973130201,0,0,0,0,0,1,0,0,0,0,0,0,0,0,0,0,0,1,0,0,0
ios:id975017240,0,0,0,0,0,1,0,0,0,0,0,0,0,0,0,0,0,1,0,0,0
ios:id976335336,0,0,0,0,0,1,0,0,0,0,0,0,0,0,0,0,0,1,0,0,0
ios:id981379631,0,0,0,0,0,0,0,0,0,0,0,0,0,0,0,0,0,0,0,0,0
play:adhd.test.planner.organizer.kids.adults.cbt.behavior.therapy.treatment.journaling.mental.health,0,0,0,0,0,1,0,0,0,0,0,0,0,0,0,0,0,1,0,0,0
play:ai.forty4pixels.sleep,0,0,0,0,0,0,0,0,0,0,0,0,0,0,0,0,1,0,0,0,0
play:app.TimeFinder.TimeFinder,0,0,0,0,0,1,0,0,0,0,0,0,0,0,0,0,1,1,0,0,0
play:app.avocation.avocation,0,0,0,0,0,0,0,0,0,0,0,0,0,0,0,0,0,0,0,0,0
play:app.blissful.mood.tracker.journal.selfcare,0,0,0,0,0,0,0,0,0,0,0,0,0,0,0,0,0,0,0,0,0
play:app.dailychecklist,0,0,0,0,0,0,0,0,0,0,0,0,0,0,0,0,0,0,0,0,0
play:app.daryl.ai,0,0,0,0,0,1,0,0,0,0,0,0,0,0,0,0,0,1,0,0,0
play:app.kiteki,0,0,0,0,0,1,0,0,0,0,0,0,0,0,1,0,0,1,0,0,0
play:app.littleplanner,0,0,0,0,0,0,0,0,0,0,0,0,0,0,0,0,0,0,0,0,0
play:app.octopoos.coach,0,1,0,0,0,1,0,0,0,0,0,0,0,0,1,0,0,1,0,0,0
play:app.soundmachine,0,0,0,0,0,0,0,0,0,0,0,0,0,0,0,0,0,0,0,0,0
play:app.stacked.routines.habits.stacking.productivity.goals,0,0,0,0,0,1,0,0,0,0,0,0,0,0,0,0,1,1,0,0,0
play:app.univi.prod,0,0,0,0,0,1,0,0,0,0,0,0,0,0,0,0,0,1,0,0,0
play:app.vinztech.hush,0,0,0,0,0,0,0,0,0,0,0,0,0,0,0,0,0,0,0,0,0
play:app.vinztech.tickit,0,0,0,0,0,1,0,0,0,0,0,0,0,0,0,0,0,1,0,0,0
play:at.cwiesner.android.visualtimer,0,0,0,0,0,0,0,0,0,0,0,0,0,0,0,0,0,0,0,0,0
play:binaural.studymusic.brainwave.focusmusic.binauralbeats,0,0,0,0,0,0,0,0,0,0,0,0,0,0,0,0,0,0,0,0,0
play:blueprint.project.management.time.tracker,0,0,0,0,0,1,0,0,0,0,0,0,0,0,0,0,0,1,0,0,0
play:bz.power.morning.affirmations,0,0,0,0,0,0,0,0,0,0,0,0,0,0,0,0,0,0,0,0,0
play:cc.forestapp,0,1,0,0,0,1,0,0,0,0,0,0,0,0,1,0,0,1,0,0,0
play:co.bodyliteracy.readyourbody,0,0,0,0,0,0,0,0,0,0,0,0,0,0,0,0,0,0,0,0,0
play:co.intellect.app,0,0,0,0,0,0,0,0,0,0,0,0,0,0,0,0,0,0,0,0,0
play:co.myfocuspal.app,0,0,0,0,0,1,0,0,0,0,0,0,0,0,0,0,0,1,0,0,0
play:co.thefab.tm,0,0,0,0,0,1,0,0,0,0,0,0,0,0,0,0,0,1,0,0,0
play:co.thefabulous.app,0,0,0,0,0,0,0,0,0,0,0,0,0,0,0,0,0,0,0,0,0
play:co.thomasmenzel.proddy,0,0,0,0,0,1,0,0,0,0,0,0,0,0,1,0,0,1,0,0,0
play:com.AJEducatorsDeepWork,0,0,0,0,0,0,0,0,0,0,0,0,0,0,0,0,0,0,0,0,0
play:com.AT.PomodoroTimer,0,1,0,0,0,0,0,0,0,0,0,0,0,0,0,0,0,1,0,0,0
play:com.GidSchwifty.focus_dojo,0,0,0,0,0,0,0,0,0,0,0,0,0,0,0,0,0,0,0,0,0
play:com.actiondash.playstore,0,1,0,0,0,1,0,0,0,0,0,0,0,0,0,0,0,1,0,0,0
play:com.actureunlock,0,1,0,0,0,1,0,0,0,0,0,0,0,0,0,0,0,0,0,0,0
play:com.adhd.focus.hz.adhd,0,0,0,0,0,0,0,0,0,0,0,0,0,0,0,0,0,0,0,0,0
play:com.adhd.planner.taches.tasks.routine.easy,0,0,0,0,0,1,0,0,0,0,0,0,0,0,0,0,0,1,0,0,0
play:com.adrienblc.habitstracker,0,0,0,0,0,0,0,0,0,0,0,0,0,0,0,0,0,0,0,0,0
play:com.ai.screentime.control.regainapp,0,1,0,0,0,1,0,0,0,0,0,0,0,0,0,0,0,1,0,0,0
play:com.akashramaswamy.done,0,0,0,0,0,1,0,0,0,0,0,0,0,0,0,0,0,0,0,0,0
play:com.alphanexs.studix,0,0,0,0,0,1,0,0,0,0,0,0,0,0,0,0,1,1,0,0,0
play:com.ansu.littlewins,0,0,0,0,0,0,0,0,0,0,0,0,0,0,0,0,0,0,0,0,0
play:com.anyplanner.app,0,0,0,0,0,0,0,0,0,0,0,0,0,0,0,0,0,0,0,0,0
play:com.app.floatingapptimer.com,0,1,0,0,0,1,0,0,0,0,0,0,0,0,0,0,0,1,0,0,0
play:com.app.habitamer,0,0,0,0,0,0,0,0,0,0,0,0,0,0,0,0,0,1,0,0,0
play:com.appsweat.pomodoro_app,0,1,0,0,0,1,0,0,0,0,0,0,0,0,0,0,0,1,0,0,0
play:com.ariv.adoro,0,1,0,0,0,1,0,0,0,0,0,0,0,0,1,0,0,1,0,0,0
play:com.ataraxia_apps.mindfocus,0,0,0,0,0,1,0,0,0,0,0,0,0,0,0,0,0,1,0,0,0
play:com.bhanu.limitapptime,0,1,0,0,0,0,0,0,0,0,0,0,0,0,0,0,0,1,0,0,0
play:com.bis.studywithme.pomodoro,0,0,0,0,0,1,0,0,0,0,0,0,0,0,1,0,0,1,0,0,0
play:com.blu.rabito,0,0,0,0,0,0,0,0,0,0,0,0,0,0,0,0,0,0,0,0,0
play:com.boostedproductivity.app,0,0,0,0,0,0,0,0,0,0,0,0,0,0,0,0,0,1,0,0,0
play:com.bosla.app,0,0,0,0,0,0,0,0,0,0,0,0,0,0,0,0,0,0,0,0,0
play:com.brainbliss.intention,0,1,0,0,0,0,0,0,0,0,0,0,0,0,0,0,0,0,0,0,0
play:com.brainfm.app,0,0,0,0,0,0,0,0,0,0,0,0,0,0,0,0,0,0,0,0,0
play:com.bsktech.AU,0,1,0,0,0,1,0,0,0,0,0,0,0,0,0,0,0,1,0,0,0
play:com.bytes.habittracker,0,0,0,0,0,0,0,0,0,0,0,0,0,0,0,0,0,0,0,0,0
play:com.calm.android,0,0,0,0,0,0,0,0,0,0,0,0,0,0,0,0,0,0,0,0,0
play:com.calmplanner.calm_planner,0,0,0,0,0,1,0,0,0,0,0,0,0,0,1,0,1,1,0,0,0
play:com.capitalx.blissfully,0,0,0,0,0,0,0,0,0,0,0,0,0,0,0,0,0,0,0,0,0
play:com.cartplayer.focustimer,0,1,0,0,0,1,0,0,0,0,0,0,0,0,0,0,0,0,0,0,0
play:com.cetinkaya.time_balance,0,0,0,0,0,1,0,0,0,0,0,0,0,0,0,0,0,1,0,0,0
play:com.chillnstudy.pomodoro,0,0,0,0,0,0,0,0,0,0,0,0,0,0,0,0,1,1,0,0,0
play:com.chorefocus.app,0,0,0,0,0,0,0,0,0,0,0,0,0,0,0,0,0,0,0,0,0
play:com.clock.countdown.alarm.timer.fliqlo,0,0,0,0,0,0,0,0,0,0,0,0,0,0,0,0,0,1,0,0,0
play:com.codespaceapps.routineplanner,0,0,0,0,0,0,0,0,0,0,0,0,0,0,0,0,0,0,0,0,0
play:com.codiceapps.dailyhabits,0,0,0,1,0,1,0,0,0,0,0,0,0,0,1,0,1,1,0,0,0
play:com.daarbit.nodistractions,0,0,0,0,0,0,0,0,0,0,0,0,0,0,0,0,0,1,0,0,0
play:com.dailygoals.habitstracker,0,0,0,0,0,0,0,0,0,0,0,0,0,0,0,0,0,0,0,0,0
play:com.dailymistika.healingsounds,0,0,0,0,0,0,0,0,0,0,0,0,0,0,0,0,0,0,0,0,0
play:com.daybloc.app,0,0,0,0,0,1,0,0,0,0,0,0,0,0,1,0,1,1,0,0,0
play:com.designworld.todolistpro,0,0,0,0,0,1,0,0,0,0,0,0,0,0,0,0,1,1,0,0,0
play:com.detoxify,0,1,0,0,0,1,0,0,0,0,0,0,0,0,0,0,0,1,0,0,0
play:com.devyulstudio.tbox,0,0,0,0,0,1,0,0,0,0,0,0,0,0,0,0,1,0,0,0,0
play:com.digitalchemy.timerplus,0,0,0,0,0,0,0,0,0,0,0,0,0,0,0,0,0,0,0,0,0
play:com.donutdog,0,1,0,0,0,1,0,0,0,0,0,0,0,0,1,0,0,1,0,0,0
play:com.dopaminebarrier.app,0,1,0,0,0,0,0,0,0,0,0,0,0,0,0,0,0,0,0,0,0
play:com.edgeeffectmedia.studytimer,0,0,0,0,0,1,0,0,0,0,0,0,0,0,1,0,1,1,0,0,0
play:com.elevatelabs.geonosis,0,0,0,0,0,0,0,0,0,0,0,0,0,0,0,0,0,0,0,0,0
play:com.emiazmel.noize,0,0,0,0,0,0,0,0,0,0,0,0,0,0,0,0,0,0,0,0,0
play:com.enfpdev.pomocat,0,0,0,0,0,1,0,0,0,0,0,0,0,0,0,0,1,1,0,0,0
play:com.everkind.app,0,0,0,0,0,0,0,0,0,0,0,0,0,0,0,0,0,0,0,0,0
play:com.evolutus212.dotty,0,0,0,0,0,1,0,0,0,0,0,0,0,0,0,0,0,0,0,0,0
play:com.exceptionalapps.study_beats,0,0,0,0,0,0,0,0,0,0,0,0,0,0,0,0,0,0,0,0,0
play:com.extendztech.quit,0,0,0,0,0,0,0,0,0,0,0,0,0,0,0,0,0,0,0,0,0
play:com.extendztech.streaks,0,0,0,0,0,1,0,0,0,0,0,0,0,0,1,0,0,1,0,0,0
play:com.flaunt.pomodoro.timer,0,0,0,0,0,0,0,0,0,0,0,0,0,0,1,0,0,1,0,0,0
play:com.flourish.app,0,0,0,0,0,1,0,0,0,0,0,0,0,0,0,0,0,0,0,0,0
play:com.flowstack,0,0,0,0,0,1,0,0,0,0,0,0,0,0,0,0,0,0,0,0,0
play:com.fluidfocusltd.fluidfocus,0,1,0,0,0,1,0,0,0,0,0,0,0,0,1,0,0,1,0,0,0
play:com.flyrapps.todolist,0,0,0,0,0,0,0,0,0,0,0,0,0,0,0,0,0,0,0,0,0
play:com.focus.ekagra,0,1,0,0,0,1,0,0,0,0,0,0,0,0,0,0,0,1,0,0,0
play:com.focus.fliptimer,0,1,0,0,0,0,0,0,0,0,0,0,0,0,0,0,0,1,0,0,0
play:com.focus.focusflight,0,0,0,0,0,0,0,0,0,0,0,0,0,0,0,0,1,1,0,0,0
play:com.focus.mobile.focus,0,0,0,0,0,1,0,0,0,0,0,0,0,0,1,0,0,1,0,0,0
play:com.focusbff.app,0,0,0,0,0,1,0,0,0,0,0,0,0,0,1,0,1,1,0,0,0
play:com.foruslabs.timebloc,0,0,0,0,0,1,0,0,0,0,0,0,0,0,0,0,1,1,0,0,0
play:com.free_simple_apps.habits,0,0,0,0,0,0,0,0,0,0,0,0,0,0,0,0,0,0,0,0,0
play:com.fresh.AddictionBlocker,0,1,0,0,0,0,0,0,0,0,0,0,0,0,0,0,0,0,0,0,0
play:com.funginautas.soundscapes,0,0,0,0,0,0,0,0,0,0,0,0,0,0,0,0,0,0,0,0,0
play:com.funnmedia.habitminder,0,0,0,0,0,0,0,0,0,0,0,0,0,0,0,0,0,0,0,0,0
play:com.geekydevs.pomodoro_timer,0,0,0,0,0,0,0,0,0,0,0,0,0,0,0,0,0,0,0,0,0
play:com.geniuslogic.focuscore,0,0,0,0,0,1,0,0,0,0,0,0,0,0,0,0,0,1,0,0,0
play:com.gethabithero.app,0,0,0,0,0,1,0,0,0,0,0,0,0,0,1,0,0,1,0,0,0
play:com.giddoyo.study.mate,0,0,0,0,0,0,0,0,0,0,0,0,0,0,0,0,0,0,0,0,0
play:com.gmail.jmartindev.timetune,0,0,0,0,0,1,0,0,0,0,0,0,0,0,0,0,1,1,0,0,0
play:com.gohary.habitradar,0,0,0,0,0,0,0,0,0,0,0,0,0,0,0,0,0,0,0,0,0
play:com.graspery.www.sink_timer.sink_timer,0,0,0,0,0,0,0,0,0,0,0,0,0,0,0,0,0,0,0,0,0
play:com.gravityfocus.app,0,0,0,0,0,1,0,0,0,0,0,0,0,0,0,0,1,1,0,0,0
play:com.gravitypoint.focusblocker,0,1,0,0,0,0,0,0,0,0,0,0,0,0,0,0,0,0,0,0,0
play:com.gravitywell.adhdlove,0,0,0,0,0,1,0,0,0,0,0,0,0,0,1,0,1,1,0,0,0
play:com.greenapex.timeboxing,0,0,0,0,0,0,0,0,0,0,0,0,0,0,0,0,0,0,0,0,0
play:com.growthday,0,0,0,0,0,0,0,0,0,0,0,0,0,0,0,0,0,0,0,0,0
play:com.habit.habstick,0,0,0,0,0,1,0,0,0,0,0,0,0,0,0,0,0,1,0,0,0
play:com.habitive,0,0,0,0,0,0,0,0,0,0,0,0,0,0,0,0,0,0,0,0,0
play:com.habitomic.android,0,1,0,0,0,1,0,0,0,0,0,0,0,0,1,0,0,1,0,0,0
play:com.habittime.app,0,0,0,0,0,0,0,0,0,0,0,0,0,0,0,0,0,0,0,0,0
play:com.hamatim.podomoro,0,0,0,0,0,0,0,0,0,0,0,0,0,0,0,0,0,1,0,0,0
play:com.happylife.habitformation,0,0,0,0,0,0,0,0,0,0,0,0,0,0,0,0,0,0,0,0,0
play:com.hulidroid.deepwork,0,0,0,0,0,0,0,0,0,0,0,0,0,0,0,0,0,1,0,0,0
play:com.hydroponicglass.deep_work_timer,0,0,0,0,0,1,0,0,0,0,0,0,0,0,1,0,0,1,0,0,0
play:com.hypenet.focused,0,1,0,0,0,0,0,0,0,0,0,0,0,0,0,0,0,0,0,0,0
play:com.infielight.timelee,0,1,0,0,0,1,0,0,0,0,0,0,0,0,0,0,1,1,0,0,0
play:com.jonasbernardo.developer.planejamento_semanal,0,0,0,0,0,0,0,0,0,0,0,0,0,0,0,0,0,0,0,0,0
play:com.junhwank.habitjar,0,0,0,0,0,0,0,0,0,0,0,0,0,0,0,0,0,0,0,0,0
play:com.just4fun.pomodoro,0,0,0,0,0,0,0,0,0,0,0,0,0,0,0,0,0,1,0,0,0
play:com.justdothis.app,0,0,0,0,0,1,0,0,0,0,0,0,0,0,0,0,0,1,0,0,0
play:com.kappa.teddybear.android,0,0,0,1,0,1,0,0,0,0,0,0,0,0,0,0,1,0,0,0,0
play:com.keedev.flowtask,0,0,0,0,0,1,0,0,0,0,0,0,0,0,1,0,0,1,0,0,0
play:com.kemblesong.procrastinationapp,0,0,0,0,0,1,0,0,0,0,0,0,0,0,0,0,0,0,0,0,0
play:com.kettnersapps.visualchildrentimer,0,0,0,0,0,0,0,0,0,0,0,0,0,0,0,0,0,0,0,0,0
play:com.kks.habit_loop,0,0,0,0,0,1,0,0,0,0,0,0,0,0,1,0,0,1,0,0,0
play:com.kompanion.habit.android,0,0,0,0,0,0,0,0,0,0,0,0,0,0,0,0,0,0,0,0,0
play:com.koshina.visual_timer,0,0,0,0,0,0,0,0,0,0,0,0,0,0,0,0,0,0,0,0,0
play:com.lal.procrastination,0,0,0,0,0,0,0,0,0,0,0,0,0,0,0,0,0,0,0,0,0
play:com.lamprof.focus,0,1,0,0,0,0,0,0,0,0,0,0,0,0,1,0,0,1,0,0,0
play:com.lazybyte.examcountdown,0,0,0,0,0,1,0,0,0,0,0,0,0,0,1,0,0,1,0,0,0
play:com.lifeactivator.mobiledetox,0,1,0,1,0,0,0,0,0,0,0,0,0,0,0,0,1,0,0,0,0
play:com.limatech.dayschallenge.dayschallenge,0,0,0,0,0,1,0,0,0,0,0,0,0,0,1,0,0,1,0,0,0
play:com.linesix.timeblazer,0,0,0,0,0,1,0,0,0,0,0,0,0,0,0,0,1,1,0,0,0
play:com.llamaapp,0,0,0,0,0,0,0,0,0,0,0,0,0,0,0,0,0,0,0,0,0
play:com.luderapp.scrollguard,0,1,0,0,0,1,0,0,0,0,0,0,0,0,0,0,0,1,0,0,0
play:com.mental.future.meditation.cbt,0,0,0,0,0,0,0,0,0,0,0,0,0,0,0,0,0,0,0,0,0
play:com.merxury.blocker,0,0,0,0,0,0,0,0,0,0,0,0,0,0,0,0,0,0,0,0,0
play:com.metaserve.habithook,0,0,0,0,0,1,0,0,0,0,0,0,0,0,1,0,1,1,0,0,0
play:com.mindfulflow.app,0,0,0,0,0,1,0,0,0,0,0,0,0,0,1,0,1,1,0,0,0
play:com.mintrocket.ticktime,0,0,0,0,0,1,0,0,0,0,0,0,0,0,0,0,0,1,0,0,0
play:com.mjl.appusage,0,1,0,0,0,0,0,0,0,0,0,0,0,0,0,0,0,1,0,0,0
play:com.modexapps.clear,0,1,0,0,0,1,0,0,0,0,0,0,0,0,0,0,0,1,0,0,0
play:com.mogho.pomodoro.timer.focus,0,0,0,1,0,0,0,0,0,0,0,0,0,0,1,0,1,1,0,0,0
play:com.moon.relaxsounds,0,0,0,0,0,0,0,0,0,0,0,0,0,0,0,0,0,0,0,0,0
play:com.motivated.app,0,0,0,0,0,0,0,0,0,0,0,0,0,0,0,0,0,0,0,0,0
play:com.music.focusflow,0,0,0,0,0,0,0,0,0,0,0,0,0,0,0,0,0,0,0,0,0
play:com.musica.estudiar.relajante.study.music.relax,0,0,0,0,0,0,0,0,0,0,0,0,0,0,0,0,0,0,0,0,0
play:com.nick.weiss.Decomposer,0,0,0,0,0,1,0,0,0,0,0,0,0,0,0,0,0,1,0,0,0
play:com.noadstudio.zenmix,0,0,0,0,0,0,0,0,0,0,0,0,0,0,0,0,0,0,0,0,0
play:com.noprocrastinate.app,0,0,0,0,0,0,0,0,0,0,0,0,0,0,0,0,0,1,0,0,0
play:com.novustec.prokrastination,0,0,0,0,0,1,0,0,0,0,0,0,0,0,1,0,0,1,0,0,0
play:com.oh.deepworkfocus,0,0,0,0,0,0,0,0,0,0,0,0,0,0,0,0,0,1,0,0,0
play:com.onceupon.pomodoro,0,0,0,0,0,1,0,0,0,0,0,0,0,0,0,0,0,0,0,0,0
play:com.pallo.passiontimerscoped,0,1,0,0,0,1,0,0,0,0,0,0,0,0,1,0,0,1,0,0,0
play:com.pbsolvers.timeboxplanner,0,0,0,0,0,1,0,0,0,0,0,0,0,0,0,0,1,0,0,0,0
play:com.pedrosstudio.caresleep,0,0,0,0,0,0,0,0,0,0,0,0,0,0,0,0,0,0,0,0,0
play:com.planmecorp.planme,0,0,0,0,0,0,0,0,0,0,0,0,0,0,0,0,0,0,0,0,0
play:com.planner.journal,0,0,0,0,0,1,0,0,0,0,0,0,0,0,0,0,1,0,0,0,0
play:com.planproductive.appblockx,0,1,0,0,0,0,0,0,0,0,0,0,0,0,0,0,0,0,0,0,0
play:com.pocketbrilliance.reminders,0,0,0,0,0,1,0,0,0,0,0,0,0,0,1,0,1,0,0,0,0
play:com.pomodify.study,0,1,0,0,0,1,0,0,0,0,0,0,0,0,1,0,0,1,0,0,0
play:com.pomodoro.studytimer.studytimer,0,0,0,0,0,1,0,0,0,0,0,0,0,0,0,0,0,1,0,0,0
play:com.pomodoroplanner,0,1,0,0,0,1,0,0,0,0,0,0,0,0,0,0,0,1,0,0,0
play:com.pomodrone.app,0,0,0,0,0,1,0,0,0,0,0,0,0,0,0,0,0,0,0,0,0
play:com.pomolings.pomolings_flutter,0,0,0,0,0,1,0,0,0,0,0,0,0,0,0,0,1,1,0,0,0
play:com.pomotimer.limeware,0,0,0,0,0,0,0,0,0,0,0,0,0,0,0,0,0,1,0,0,0
play:com.poomojava.app,0,0,0,0,0,0,0,0,0,0,0,0,0,0,1,0,1,1,0,0,0
play:com.procrastination.test,0,0,0,0,0,0,0,0,0,0,0,0,0,0,0,0,0,0,0,0,0
play:com.procrastination.tracker.android,0,0,0,0,0,1,0,0,0,0,0,0,0,0,1,0,1,1,0,0,0
play:com.project.rbxproject,0,0,0,0,0,0,0,0,0,0,0,0,0,0,0,0,0,0,0,0,0
play:com.reachApp.reach_it,0,0,0,0,0,0,0,0,0,0,0,0,0,0,0,0,0,0,0,0,0
play:com.readingapps.focus_timer,0,0,0,0,0,0,0,0,0,0,0,0,0,0,0,0,0,0,0,0,0
play:com.recokha.studyplanner,0,0,0,0,0,0,0,0,0,0,0,0,0,0,0,0,0,0,0,0,0
play:com.richjunproject.chrobox,0,0,0,0,0,1,0,0,0,0,0,0,0,0,0,0,1,1,0,0,0
play:com.roubit,0,0,0,0,0,0,0,0,0,0,0,0,0,0,0,0,0,0,0,0,0
play:com.routinelock,0,1,0,0,0,1,0,0,0,0,0,0,0,0,0,0,0,1,0,0,0
play:com.rubixscript.pomodo,0,0,0,0,0,1,0,0,0,0,0,0,0,0,1,0,0,1,0,0,0
play:com.rutin.app,0,0,0,0,0,0,0,0,0,0,0,0,0,0,0,0,0,0,0,0,0
play:com.schezzy.app,0,0,0,0,0,1,0,0,0,0,0,0,0,0,0,0,1,1,0,0,0
play:com.screenzen,0,1,0,0,0,1,0,0,0,0,0,0,0,0,0,0,0,1,0,0,0
play:com.shub39.grit,0,0,0,0,0,0,0,0,0,0,0,0,0,0,0,0,0,0,0,0,0
play:com.sintylapse.therapydiaries,0,0,0,0,0,0,0,0,0,0,0,0,0,0,0,0,0,0,0,0,0
play:com.sleep.sounds.noise.rain,0,0,0,0,0,0,0,0,0,0,0,0,0,0,0,0,1,0,0,0,0
play:com.smartdongschool.dotetimer,0,0,0,0,0,1,0,0,0,0,0,0,0,0,1,0,0,1,0,0,0
play:com.soosu.focustimer,0,1,0,0,0,1,0,0,0,0,0,0,0,0,0,0,0,1,0,0,0
play:com.soundmixer.app,0,0,0,0,0,0,0,0,0,0,0,0,0,0,0,0,0,0,0,0,0
play:com.soundscape.musicapp,0,1,0,0,0,1,0,0,0,0,0,0,0,0,0,0,0,1,0,0,0
play:com.spotlightsix.zentimerlite2,0,0,0,0,0,0,0,0,0,0,0,0,0,0,0,0,0,0,0,0,0
play:com.sproutapp.sprout,0,0,0,0,0,1,0,0,0,0,0,0,0,0,1,0,0,1,0,0,0
play:com.stanley.focusflow,0,0,0,0,0,1,0,0,0,0,0,0,0,0,1,0,0,1,0,0,0
play:com.starttech.habitosmatinais,0,0,0,0,0,0,0,0,0,0,0,0,0,0,0,0,0,0,0,0,0
play:com.stayme.stay_me,0,0,0,0,0,0,0,0,0,0,0,0,0,0,0,0,0,0,0,0,0
play:com.stonecutters.islegrow,0,0,0,0,0,1,0,0,0,0,0,0,0,0,1,0,0,1,0,0,0
play:com.studio.hellohabit,0,0,0,0,0,1,0,0,0,0,0,0,0,0,1,0,0,1,0,0,0
play:com.studybuddy.study_buddy_cat,0,0,0,0,0,0,0,0,0,0,0,0,0,0,0,0,0,1,0,0,0
play:com.sunny.focussessions_simpletimertodo,0,0,0,0,0,1,0,0,0,0,0,0,0,0,0,0,0,1,0,0,0
play:com.superappsdev.internetblocker,0,1,0,0,0,0,0,0,0,0,0,0,0,0,0,0,0,0,0,0,0
play:com.superbyte.studybunny,0,0,0,0,0,1,0,0,0,0,0,0,0,0,1,0,0,1,0,0,0
play:com.superproductivity.superproductivity,0,0,0,0,0,1,0,0,0,0,0,0,0,0,0,0,1,1,0,0,0
play:com.tasks.android,0,0,0,0,0,0,0,0,0,0,0,0,0,0,0,0,0,0,0,0,0
play:com.techtool.focussessiontimer,0,0,0,0,0,1,0,0,0,0,0,0,0,0,0,0,0,1,0,0,0
play:com.teqtic.lockmeout,0,1,0,1,0,0,0,0,0,0,0,1,0,0,0,0,1,0,0,0,0
play:com.thetimecube.visualizer,0,0,0,0,0,0,0,0,0,0,0,0,0,0,0,0,0,1,0,0,0
play:com.thrudayapp.thruday_app,0,0,0,1,0,1,0,0,0,0,0,0,0,0,0,0,1,1,0,0,0
play:com.tiimo.androidappreactnative,0,0,0,0,0,1,0,0,0,0,0,0,0,0,0,0,1,0,0,0,0
play:com.timerr.app,0,1,0,1,1,0,0,0,0,0,0,1,0,0,1,0,0,1,0,0,0
play:com.timeshifter.shiftwork,0,0,0,0,0,0,0,0,0,0,0,0,0,0,0,0,0,0,0,0,0
play:com.timetable.notes,0,0,0,0,0,0,0,0,0,0,0,0,0,0,0,0,0,0,0,0,0
play:com.timetimer.android,0,0,0,0,0,0,0,0,0,0,0,0,0,0,0,0,0,0,0,0,0
play:com.timleg.egoTimerLight,0,0,0,0,0,0,0,0,0,0,0,0,0,0,0,0,0,0,0,0,0
play:com.to_do_list_studio.uptodo,0,0,0,0,0,1,0,0,0,0,0,0,0,0,0,0,1,1,0,0,0
play:com.tripletfamdev.studymusicbooster,0,0,0,0,0,0,0,0,0,0,0,0,0,0,0,0,0,1,0,0,0
play:com.tryhypermonkey.hypermonkey,0,0,0,0,0,1,0,0,0,0,0,0,0,0,1,0,0,1,0,0,0
play:com.ucydigital.pomocus,0,0,0,0,0,1,0,0,0,0,0,0,0,0,0,0,0,1,0,0,0
play:com.ultmos.FocusBuddy,0,0,0,0,0,1,0,0,0,0,0,0,0,0,0,0,0,1,0,0,0
play:com.unrotapp.screencontrol,0,1,0,0,0,1,0,0,0,0,0,0,0,0,0,0,0,1,0,0,0
play:com.unrushedapps.launch_break,0,1,0,1,0,0,0,0,0,0,0,1,0,0,0,0,1,1,0,0,0
play:com.usket.tig,0,0,0,0,0,1,0,0,0,0,0,0,0,0,0,0,1,1,0,0,0
play:com.vdx.dayflect,0,0,0,0,0,1,0,0,0,0,0,0,0,0,1,0,0,1,0,0,0
play:com.vector123.pomodoro.focustimer.tomatoclock,0,0,0,0,0,0,0,0,0,0,0,0,0,0,0,0,0,0,0,0,0
play:com.visual.scheduler,0,0,0,0,0,0,0,0,0,0,0,0,0,0,0,0,0,0,0,0,0
play:com.viz.prodzen,0,1,0,0,0,1,0,0,0,0,0,0,0,0,1,0,0,1,0,0,0
play:com.wallhabit.app,0,1,0,0,0,0,0,0,0,0,0,0,0,0,0,0,0,0,0,0,0
play:com.way4app.goalswizard,0,0,0,0,0,1,0,0,0,0,0,0,0,0,0,0,1,0,0,0,0
play:com.wayup.way_up,0,0,0,0,0,0,0,0,0,0,0,0,0,0,0,0,0,0,0,0,0
play:com.wlxd.pomochallenge,0,1,0,0,0,0,0,0,0,0,0,0,0,0,1,0,0,1,0,0,0
play:com.wonderfullmoning.morningmagic,0,0,0,0,0,0,0,0,0,0,0,0,0,0,0,0,0,0,0,0,0
play:com.workbreaktimer,0,0,0,0,0,1,0,0,0,0,0,0,0,0,0,0,0,1,0,0,0
play:com.wverlaek.block,0,1,0,1,0,0,0,0,0,0,0,1,0,0,0,0,1,1,0,0,0
play:com.yiqi.binaural.beats,0,0,0,0,0,0,0,0,0,0,0,0,0,0,0,0,0,0,0,0,0
play:com.zazen.onedeepbreathalarm,0,0,0,1,0,0,0,0,0,0,0,0,0,0,1,0,0,1,0,0,0
play:com.zerodesktop.appdetox.qualitytime,0,1,0,0,0,1,0,0,0,0,0,0,0,0,0,0,0,1,0,0,0
play:com.zetabitapps.pomodoro,0,0,0,0,0,0,0,0,0,0,0,0,0,0,0,0,0,1,0,0,0
play:com.zetabitapps.vibes,0,0,0,0,0,0,0,0,0,0,0,0,0,0,0,0,0,0,0,0,0
play:com.zilapps.productivitywizard,0,0,0,0,0,0,0,0,0,0,0,0,0,0,0,0,0,0,0,0,0
play:com.zonedin.zonedinapp,0,0,0,0,0,0,0,0,0,0,0,0,0,0,0,0,0,1,0,0,0
play:daily.planner.routine.habits,0,0,0,0,0,0,0,0,0,0,0,0,0,0,0,0,0,0,0,0,0
play:focus.pomodoro.timer.technique,0,0,0,0,0,1,0,0,0,0,0,0,0,0,1,0,1,1,0,0,0
play:focustree.app,0,1,0,0,0,0,0,0,0,0,0,0,0,0,1,0,0,0,0,0,0
play:id.co.timebox,0,1,0,0,0,1,0,0,0,0,0,0,0,0,0,0,0,1,0,0,0
play:in.codeseed.tvusage,0,1,0,1,0,0,0,0,0,0,0,1,0,0,0,0,1,1,0,0,0
play:in.evolve.android,0,0,0,0,0,0,0,0,0,0,0,0,0,0,0,0,0,0,0,0,0
play:in.focustrack.stock,0,1,0,0,0,1,0,0,0,0,0,0,0,0,0,0,0,1,0,0,0
play:info.cat_techs.pomo,0,0,0,0,0,0,0,0,0,0,0,0,0,0,0,0,0,1,0,0,0
play:info.detoxi.app,0,0,0,0,0,0,0,0,0,0,0,0,0,0,0,0,0,0,0,0,0
play:io.github.indieappslab.pomodoro,0,0,0,0,0,0,0,0,0,0,0,0,0,0,1,0,0,1,0,0,0
play:io.iftech.timeminer,0,1,0,1,0,0,0,0,0,0,0,0,0,0,1,0,0,0,0,0,0
play:io.limeware.pomotimer,0,0,0,0,0,0,0,0,0,0,0,0,0,0,0,0,0,1,0,0,0
play:io.studyone.app,0,0,0,0,0,1,0,0,0,0,0,0,0,0,0,0,0,1,0,0,0
play:io.unorderly.structured,0,0,0,0,0,1,0,0,0,0,0,0,0,0,0,0,1,0,0,0,0
play:io.zario,0,1,0,0,0,1,0,0,0,0,0,0,0,0,0,0,0,1,0,0,0
play:ipnossoft.rma.free,0,0,0,0,0,0,0,0,0,0,0,0,0,0,0,0,0,0,0,0,0
play:jp.co.sakabou.piyolog,0,0,0,0,0,0,0,0,0,0,0,0,0,0,0,0,0,0,0,0,0
play:jp.thomsons.pomodoro,0,0,0,0,0,1,0,0,0,0,0,0,0,0,0,0,0,1,0,0,0
play:kr.co.myoung.timebox,0,0,0,0,0,0,0,0,0,0,0,0,0,0,0,0,0,0,0,0,0
play:lakers.mobile.android,0,0,0,0,0,0,0,0,0,0,0,0,0,0,0,0,0,0,0,0,0
play:life.blockin,0,1,0,0,0,1,0,0,0,0,0,0,0,0,1,0,0,1,0,0,0
play:live.dots.pomodoro,0,0,0,0,0,0,0,0,0,0,0,0,0,0,0,0,0,0,0,0,0
play:me.habitrewards,0,0,0,0,0,0,0,0,0,0,0,0,0,0,0,0,0,0,0,0,0
play:me.uncook.app,0,1,0,0,0,1,0,0,0,0,0,0,0,0,1,0,0,1,0,0,0
play:milki.focus.timer,0,0,0,0,0,1,0,0,0,0,0,0,0,0,1,0,0,1,0,0,0
play:mrigapps.andriod.breakfree.deux,0,1,0,0,0,1,0,0,0,0,0,0,0,0,1,0,0,1,0,0,0
play:music.focus.app,0,0,0,0,0,0,0,0,0,0,0,0,0,0,0,0,0,0,0,0,0
play:net.devfloor.pomodor,0,1,0,0,0,0,0,0,0,0,0,0,0,0,1,0,0,1,0,0,0
play:neurolist.app.neurolist,0,0,0,0,0,1,0,0,0,0,0,0,0,0,1,0,1,0,0,0,0
play:org.atmana.appblocker,0,1,0,0,0,0,0,0,0,0,0,0,0,0,0,0,0,0,0,0,0
play:org.dgeek.beyond,0,1,0,0,0,0,0,0,0,0,0,0,0,0,0,0,0,0,0,0,0
play:org.leadmenot,0,1,0,0,0,1,0,0,0,0,0,0,0,0,0,0,0,1,0,0,0
play:org.limitly.app,0,0,0,0,0,1,0,0,0,0,0,0,0,0,0,0,0,1,0,0,0
play:org.miracle.morning,0,0,0,0,0,0,0,0,0,0,0,0,0,0,0,0,0,0,0,0,0
play:org.name.shimmerapp,0,0,0,0,0,0,0,0,0,0,0,0,0,0,0,0,0,0,0,0,0
play:org.nsh07.pomodoro,0,0,0,0,0,0,0,0,0,0,0,0,0,0,0,0,0,1,0,0,0
play:org.pictime.application.twa,0,0,0,0,0,0,0,0,0,0,0,0,0,0,0,0,0,0,0,0,0
play:org.understood.community,0,0,0,0,0,0,0,0,0,0,0,0,0,0,0,0,0,0,0,0,0
play:pps.android.yoodoo,0,1,0,0,0,1,0,0,0,0,0,0,0,0,1,0,0,1,0,0,0
play:ro.thinkoutside.habitit,0,0,0,0,0,0,0,0,0,0,0,0,0,0,0,0,0,0,0,0,0
play:sleeptech.stayaway,0,1,0,0,1,0,0,0,0,0,0,1,0,0,0,0,1,0,0,0,0
play:space.habitgrind,0,0,0,0,0,1,0,0,0,0,0,0,0,0,1,0,1,1,0,0,0
play:space.manus.pompduro.timer.t20260411051401,0,0,0,0,0,0,0,0,0,0,0,0,0,0,0,0,0,0,0,0,0
play:tech.miidii.offscreen_android,0,1,0,0,0,1,0,0,0,0,0,0,0,0,0,0,0,1,0,0,0
